Politician,Edith Wilson,Florence Harding,Grace Coolidge,Lou Henry Hoover,Eleanor Roosevelt,Bess Truman,Mamie Eisenhower,Jacqueline Kennedy Onassis,Lady Bird Johnson,Pat Nixon,Betty Ford,Rosalynn Carter,Nancy Reagan,Barbara Bush,Hillary Clinton,Laura Bush,Michelle Obama
Woodrow Wilson,Woodrow_Wilson>League_of_Nations>Edith_Wilson,Woodrow_Wilson>Warren_G._Harding>Florence_Harding,Woodrow_Wilson>Edith_Wilson>Grace_Coolidge,Woodrow_Wilson>Herbert_Hoover>Lou_Henry_Hoover,Woodrow_Wilson>Franklin_D._Roosevelt>Eleanor_Roosevelt,Woodrow_Wilson>Edith_Wilson>Bess_Truman,Woodrow_Wilson>Edith_Wilson>Mamie_Eisenhower,Woodrow_Wilson>William_Randolph_Hearst>Jacqueline_Kennedy_Onassis,Woodrow_Wilson>Edith_Wilson>Lady_Bird_Johnson,Woodrow_Wilson>Twenty>Pat_Nixon,Woodrow_Wilson>Franklin_D._Roosevelt>Betty_Ford,Woodrow_Wilson>Edith_Wilson>Rosalynn_Carter,Woodrow_Wilson>Edith_Wilson>Nancy_Reagan,Woodrow_Wilson>Edith_Wilson>Barbara_Bush,Woodrow_Wilson>Andrew_Jackson>Hillary_Clinton,Woodrow_Wilson>Edith_Wilson>Laura_Bush,Woodrow_Wilson>Princeton_University>Michelle_Obama
Warren G. Harding,Warren_G._Harding>League_of_Nations>Edith_Wilson,Warren_G._Harding>Florence_Harding,Warren_G._Harding>Calvin_Coolidge>Grace_Coolidge,Warren_G._Harding>Herbert_Hoover>Lou_Henry_Hoover,Warren_G._Harding>Franklin_D._Roosevelt>Eleanor_Roosevelt,Warren_G._Harding>Florence_Harding>Bess_Truman,Warren_G._Harding>Florence_Harding>Mamie_Eisenhower,Warren_G._Harding>Arlington_National_Cemetery>Jacqueline_Kennedy_Onassis,Warren_G._Harding>Florence_Harding>Lady_Bird_Johnson,Warren_G._Harding>Watergate_scandal>Pat_Nixon,Warren_G._Harding>Franklin_D._Roosevelt>Betty_Ford,Warren_G._Harding>Florence_Harding>Rosalynn_Carter,Warren_G._Harding>Florence_Harding>Nancy_Reagan,Warren_G._Harding>Florence_Harding>Barbara_Bush,Warren_G._Harding>Charles_Evans_Hughes>Hillary_Clinton,Warren_G._Harding>Florence_Harding>Laura_Bush,Warren_G._Harding>Lincoln_Memorial>Michelle_Obama
Calvin Coolidge,Calvin_Coolidge>League_of_Nations>Edith_Wilson,Calvin_Coolidge>Warren_G._Harding>Florence_Harding,Calvin_Coolidge>Grace_Coolidge,Calvin_Coolidge>Herbert_Hoover>Lou_Henry_Hoover,Calvin_Coolidge>Franklin_D._Roosevelt>Eleanor_Roosevelt,Calvin_Coolidge>Grace_Coolidge>Bess_Truman,Calvin_Coolidge>Grace_Coolidge>Mamie_Eisenhower,Calvin_Coolidge>White_House>Jacqueline_Kennedy_Onassis,Calvin_Coolidge>Grace_Coolidge>Lady_Bird_Johnson,Calvin_Coolidge>Vice_President_of_the_United_States>Pat_Nixon,Calvin_Coolidge>Franklin_D._Roosevelt>Betty_Ford,Calvin_Coolidge>White_House>Rosalynn_Carter,Calvin_Coolidge>Northampton>Nancy_Reagan,Calvin_Coolidge>Northampton>Barbara_Bush,Calvin_Coolidge>Charles_Evans_Hughes>Hillary_Clinton,Calvin_Coolidge>White_House>Laura_Bush,Calvin_Coolidge>Grace_Coolidge>Michelle_Obama
Herbert Hoover,Herbert_Hoover>League_of_Nations>Edith_Wilson,Herbert_Hoover>Warren_G._Harding>Florence_Harding,Herbert_Hoover>Calvin_Coolidge>Grace_Coolidge,Herbert_Hoover>Georgius_Agricola>Lou_Henry_Hoover,Herbert_Hoover>Franklin_D._Roosevelt>Eleanor_Roosevelt,Herbert_Hoover>Lyndon_B>Bess_Truman,Herbert_Hoover>Dwight_D._Eisenhower>Mamie_Eisenhower,Herbert_Hoover>Assassination_of_John_F._Kennedy>Jacqueline_Kennedy_Onassis,Herbert_Hoover>Lyndon_B>Lady_Bird_Johnson,Herbert_Hoover>Dwight_D._Eisenhower>Pat_Nixon,Herbert_Hoover>Dwight_D._Eisenhower>Betty_Ford,Herbert_Hoover>Jimmy_Carter>Rosalynn_Carter,Herbert_Hoover>George_H._W._Bush>Nancy_Reagan,Herbert_Hoover>George_H._W._Bush>Barbara_Bush,Herbert_Hoover>Charles_Evans_Hughes>Hillary_Clinton,Herbert_Hoover>George_H._W._Bush>Laura_Bush,Herbert_Hoover>Lou_Henry_Hoover>Michelle_Obama
Franklin D. Roosevelt,Franklin_D._Roosevelt>League_of_Nations>Edith_Wilson,Franklin_D._Roosevelt>Warren_G._Harding>Florence_Harding,Franklin_D._Roosevelt>Calvin_Coolidge>Grace_Coolidge,Franklin_D._Roosevelt>Herbert_Hoover>Lou_Henry_Hoover,Franklin_D._Roosevelt>Eleanor_Roosevelt,Franklin_D._Roosevelt>Lyndon_B>Bess_Truman,Franklin_D._Roosevelt>Dwight_D._Eisenhower>Mamie_Eisenhower,Franklin_D._Roosevelt>White_House>Jacqueline_Kennedy_Onassis,Franklin_D._Roosevelt>Lyndon_B>Lady_Bird_Johnson,Franklin_D._Roosevelt>Dwight_D._Eisenhower>Pat_Nixon,Franklin_D._Roosevelt>Chiang_Kai>Betty_Ford,Franklin_D._Roosevelt>White_House>Rosalynn_Carter,Franklin_D._Roosevelt>Alf_Landon>Nancy_Reagan,Franklin_D._Roosevelt>Robert_A>Barbara_Bush,Franklin_D._Roosevelt>Charles_Evans_Hughes>Hillary_Clinton,Franklin_D._Roosevelt>White_House>Laura_Bush,Franklin_D._Roosevelt>Chicago>Michelle_Obama
Harry S. Truman,Harry_S>Woodrow_Wilson>Edith_Wilson,Harry_S>Bess_Truman>Florence_Harding,Harry_S>Calvin_Coolidge>Grace_Coolidge,Harry_S>Herbert_Hoover>Lou_Henry_Hoover,Harry_S>Franklin_D._Roosevelt>Eleanor_Roosevelt,Harry_S>Marshall_Plan>Bess_Truman,Harry_S>Dwight_D._Eisenhower>Mamie_Eisenhower,Harry_S>White_House>Jacqueline_Kennedy_Onassis,Harry_S>Lyndon_B>Lady_Bird_Johnson,Harry_S>Dwight_D._Eisenhower>Pat_Nixon,Harry_S>Chiang_Kai>Betty_Ford,Harry_S>White_House>Rosalynn_Carter,Harry_S>Richard_Nixon>Nancy_Reagan,Harry_S>Richard_Nixon>Barbara_Bush,Harry_S>Franklin_D._Roosevelt>Hillary_Clinton,Harry_S>White_House>Laura_Bush,Harry_S>Bess_Truman>Michelle_Obama
Dwight D. Eisenhower,Dwight_D._Eisenhower>Washington_National_Cathedral>Edith_Wilson,Dwight_D._Eisenhower>Mamie_Eisenhower>Florence_Harding,Dwight_D._Eisenhower>Mamie_Eisenhower>Grace_Coolidge,Dwight_D._Eisenhower>Herbert_Hoover>Lou_Henry_Hoover,Dwight_D._Eisenhower>Franklin_D._Roosevelt>Eleanor_Roosevelt,Dwight_D._Eisenhower>Marshall_Plan>Bess_Truman,Dwight_D._Eisenhower>Mamie_Eisenhower,Dwight_D._Eisenhower>Metropolitan_Museum_of_Art>Jacqueline_Kennedy_Onassis,Dwight_D._Eisenhower>Texas>Lady_Bird_Johnson,Dwight_D._Eisenhower>Camp_David>Pat_Nixon,Dwight_D._Eisenhower>Camp_David>Betty_Ford,Dwight_D._Eisenhower>Jimmy_Carter>Rosalynn_Carter,Dwight_D._Eisenhower>Richard_Nixon>Nancy_Reagan,Dwight_D._Eisenhower>Jimmy_Carter>Barbara_Bush,Dwight_D._Eisenhower>Arkansas>Hillary_Clinton,Dwight_D._Eisenhower>White_House>Laura_Bush,Dwight_D._Eisenhower>Chicago>Michelle_Obama
John F. Kennedy,John_F._Kennedy>Jacqueline_Kennedy_Onassis>Edith_Wilson,John_F._Kennedy>Jacqueline_Kennedy_Onassis>Florence_Harding,John_F._Kennedy>Jacqueline_Kennedy_Onassis>Grace_Coolidge,John_F._Kennedy>Jacqueline_Kennedy_Onassis>Lou_Henry_Hoover,John_F._Kennedy>American_Civil_Liberties_Union>Eleanor_Roosevelt,John_F._Kennedy>Potsdam_Conference>Bess_Truman,John_F._Kennedy>Dwight_D._Eisenhower>Mamie_Eisenhower,John_F._Kennedy>Cuban_Missile_Crisis>Jacqueline_Kennedy_Onassis,John_F._Kennedy>J>Lady_Bird_Johnson,John_F._Kennedy>Dwight_D._Eisenhower>Pat_Nixon,John_F._Kennedy>Dwight_D._Eisenhower>Betty_Ford,John_F._Kennedy>White_House>Rosalynn_Carter,John_F._Kennedy>Richard_Nixon>Nancy_Reagan,John_F._Kennedy>Richard_Nixon>Barbara_Bush,John_F._Kennedy>Franklin_D._Roosevelt>Hillary_Clinton,John_F._Kennedy>White_House>Laura_Bush,John_F._Kennedy>Chicago>Michelle_Obama
Lyndon B. Johnson,Lyndon_B>Lady_Bird_Johnson>Edith_Wilson,Lyndon_B>Lady_Bird_Johnson>Florence_Harding,Lyndon_B>Calvin_Coolidge>Grace_Coolidge,Lyndon_B>Herbert_Hoover>Lou_Henry_Hoover,Lyndon_B>Franklin_D._Roosevelt>Eleanor_Roosevelt,Lyndon_B>Bess_Truman,Lyndon_B>Dwight_D._Eisenhower>Mamie_Eisenhower,Lyndon_B>Kennedy_Space_Center>Jacqueline_Kennedy_Onassis,Lyndon_B>Austin>Lady_Bird_Johnson,Lyndon_B>Dwight_D._Eisenhower>Pat_Nixon,Lyndon_B>Apollo_8>Betty_Ford,Lyndon_B>Rosa_Parks>Rosalynn_Carter,Lyndon_B>Christian_Church_>Nancy_Reagan,Lyndon_B>George_H._W._Bush>Barbara_Bush,Lyndon_B>Austin>Hillary_Clinton,Lyndon_B>George_H._W._Bush>Laura_Bush,Lyndon_B>Lady_Bird_Johnson>Michelle_Obama
Richard Nixon,Richard_Nixon>Nancy_Reagan>Edith_Wilson,Richard_Nixon>Nancy_Reagan>Florence_Harding,Richard_Nixon>Nancy_Reagan>Grace_Coolidge,Richard_Nixon>Nancy_Reagan>Lou_Henry_Hoover,Richard_Nixon>Nancy_Reagan>Eleanor_Roosevelt,Richard_Nixon>Marshall_Plan>Bess_Truman,Richard_Nixon>Dwight_D._Eisenhower>Mamie_Eisenhower,Richard_Nixon>Cuban_Missile_Crisis>Jacqueline_Kennedy_Onassis,Richard_Nixon>J>Lady_Bird_Johnson,Richard_Nixon>Camp_David>Pat_Nixon,Richard_Nixon>Bill_Clinton>Betty_Ford,Richard_Nixon>Bill_Gates>Rosalynn_Carter,Richard_Nixon>Bill_Clinton>Nancy_Reagan,Richard_Nixon>Bill_Gates>Barbara_Bush,Richard_Nixon>Bill_Clinton>Hillary_Clinton,Richard_Nixon>George_H._W._Bush>Laura_Bush,Richard_Nixon>Nancy_Reagan>Michelle_Obama
Gerald Ford,Gerald_Ford>Nancy_Reagan>Edith_Wilson,Gerald_Ford>Nancy_Reagan>Florence_Harding,Gerald_Ford>Nancy_Reagan>Grace_Coolidge,Gerald_Ford>Herbert_Hoover>Lou_Henry_Hoover,Gerald_Ford>Nancy_Reagan>Eleanor_Roosevelt,Gerald_Ford>Nancy_Reagan>Bess_Truman,Gerald_Ford>Dwight_D._Eisenhower>Mamie_Eisenhower,Gerald_Ford>Lee_Harvey_Oswald>Jacqueline_Kennedy_Onassis,Gerald_Ford>Nancy_Reagan>Lady_Bird_Johnson,Gerald_Ford>Dwight_D._Eisenhower>Pat_Nixon,Gerald_Ford>Bill_Clinton>Betty_Ford,Gerald_Ford>Jimmy_Carter>Rosalynn_Carter,Gerald_Ford>Bill_Clinton>Nancy_Reagan,Gerald_Ford>George_H._W._Bush>Barbara_Bush,Gerald_Ford>Bill_Clinton>Hillary_Clinton,Gerald_Ford>George_H._W._Bush>Laura_Bush,Gerald_Ford>Nancy_Reagan>Michelle_Obama
Jimmy Carter,Jimmy_Carter>Barbara_Bush>Edith_Wilson,Jimmy_Carter>Barbara_Bush>Florence_Harding,Jimmy_Carter>Barbara_Bush>Grace_Coolidge,Jimmy_Carter>Herbert_Hoover>Lou_Henry_Hoover,Jimmy_Carter>American_Civil_Liberties_Union>Eleanor_Roosevelt,Jimmy_Carter>Lyndon_B>Bess_Truman,Jimmy_Carter>Barbara_Bush>Mamie_Eisenhower,Jimmy_Carter>John_B>Jacqueline_Kennedy_Onassis,Jimmy_Carter>Texas>Lady_Bird_Johnson,Jimmy_Carter>Ronald_Reagan>Pat_Nixon,Jimmy_Carter>Bill_Clinton>Betty_Ford,Jimmy_Carter>Bill_Gates>Rosalynn_Carter,Jimmy_Carter>Bill_Clinton>Nancy_Reagan,Jimmy_Carter>Bill_Gates>Barbara_Bush,Jimmy_Carter>Bill_Clinton>Hillary_Clinton,Jimmy_Carter>George_H._W._Bush>Laura_Bush,Jimmy_Carter>Nigeria>Michelle_Obama
Ronald Reagan,Ronald_Reagan>First_Lady_of_the_United_States>Edith_Wilson,Ronald_Reagan>First_Lady_of_the_United_States>Florence_Harding,Ronald_Reagan>First_Lady_of_the_United_States>Grace_Coolidge,Ronald_Reagan>First_Lady_of_the_United_States>Lou_Henry_Hoover,Ronald_Reagan>First_Lady_of_the_United_States>Eleanor_Roosevelt,Ronald_Reagan>First_Lady_of_the_United_States>Bess_Truman,Ronald_Reagan>Dwight_D._Eisenhower>Mamie_Eisenhower,Ronald_Reagan>Arnold_Schwarzenegger>Jacqueline_Kennedy_Onassis,Ronald_Reagan>First_Lady_of_the_United_States>Lady_Bird_Johnson,Ronald_Reagan>Dwight_D._Eisenhower>Pat_Nixon,Ronald_Reagan>Bill_Clinton>Betty_Ford,Ronald_Reagan>First_Lady_of_the_United_States>Rosalynn_Carter,Ronald_Reagan>Bill_Clinton>Nancy_Reagan,Ronald_Reagan>First_Lady_of_the_United_States>Barbara_Bush,Ronald_Reagan>Bill_Clinton>Hillary_Clinton,Ronald_Reagan>First_Lady_of_the_United_States>Laura_Bush,Ronald_Reagan>African_Americans>Michelle_Obama
George H. W. Bush,George_H._W._Bush>Laura_Bush>Edith_Wilson,George_H._W._Bush>Laura_Bush>Florence_Harding,George_H._W._Bush>Laura_Bush>Grace_Coolidge,George_H._W._Bush>Herbert_Hoover>Lou_Henry_Hoover,George_H._W._Bush>Laura_Bush>Eleanor_Roosevelt,George_H._W._Bush>Laura_Bush>Bess_Truman,George_H._W._Bush>Laura_Bush>Mamie_Eisenhower,George_H._W._Bush>Laura_Bush>Jacqueline_Kennedy_Onassis,George_H._W._Bush>Laura_Bush>Lady_Bird_Johnson,George_H._W._Bush>Camp_David>Pat_Nixon,George_H._W._Bush>Bill_Clinton>Betty_Ford,George_H._W._Bush>Jimmy_Carter>Rosalynn_Carter,George_H._W._Bush>Bill_Clinton>Nancy_Reagan,George_H._W._Bush>Barbara_Bush,George_H._W._Bush>Bill_Clinton>Hillary_Clinton,George_H._W._Bush>Laura_Bush,George_H._W._Bush>Laura_Bush>Michelle_Obama
Bill Clinton,Bill_Clinton>Nancy_Reagan>Edith_Wilson,Bill_Clinton>Nancy_Reagan>Florence_Harding,Bill_Clinton>Calvin_Coolidge>Grace_Coolidge,Bill_Clinton>Nancy_Reagan>Lou_Henry_Hoover,Bill_Clinton>Franklin_D._Roosevelt>Eleanor_Roosevelt,Bill_Clinton>Nancy_Reagan>Bess_Truman,Bill_Clinton>Nancy_Reagan>Mamie_Eisenhower,Bill_Clinton>Nancy_Reagan>Jacqueline_Kennedy_Onassis,Bill_Clinton>Nancy_Reagan>Lady_Bird_Johnson,Bill_Clinton>Camp_David>Pat_Nixon,Bill_Clinton>Betty_Ford,Bill_Clinton>Jimmy_Carter>Rosalynn_Carter,Bill_Clinton>Nancy_Reagan,Bill_Clinton>George_H._W._Bush>Barbara_Bush,Bill_Clinton>Arkansas>Hillary_Clinton,Bill_Clinton>George_H._W._Bush>Laura_Bush,Bill_Clinton>Nancy_Reagan>Michelle_Obama
George W. Bush,George_W>Laura_Bush>Edith_Wilson,George_W>Laura_Bush>Florence_Harding,George_W>Laura_Bush>Grace_Coolidge,George_W>Herbert_Hoover>Lou_Henry_Hoover,George_W>Franklin_D._Roosevelt>Eleanor_Roosevelt,George_W>Laura_Bush>Bess_Truman,George_W>Laura_Bush>Mamie_Eisenhower,George_W>Laura_Bush>Jacqueline_Kennedy_Onassis,George_W>Laura_Bush>Lady_Bird_Johnson,George_W>Laura_Bush>Pat_Nixon,George_W>Bill_Clinton>Betty_Ford,George_W>Jimmy_Carter>Rosalynn_Carter,George_W>Bill_Clinton>Nancy_Reagan,George_W>George_H._W._Bush>Barbara_Bush,George_W>Bill_Clinton>Hillary_Clinton,George_W>George_H._W._Bush>Laura_Bush,George_W>Laura_Bush>Michelle_Obama
Barack Obama,Barack_Obama>Michelle_Obama>Edith_Wilson,Barack_Obama>Michelle_Obama>Florence_Harding,Barack_Obama>Calvin_Coolidge>Grace_Coolidge,Barack_Obama>Michelle_Obama>Lou_Henry_Hoover,Barack_Obama>Franklin_D._Roosevelt>Eleanor_Roosevelt,Barack_Obama>Medicare_>Bess_Truman,Barack_Obama>Michelle_Obama>Mamie_Eisenhower,Barack_Obama>White_House>Jacqueline_Kennedy_Onassis,Barack_Obama>Texas>Lady_Bird_Johnson,Barack_Obama>Camp_David>Pat_Nixon,Barack_Obama>Bill_Clinton>Betty_Ford,Barack_Obama>Jimmy_Carter>Rosalynn_Carter,Barack_Obama>Bill_Clinton>Nancy_Reagan,Barack_Obama>George_H._W._Bush>Barbara_Bush,Barack_Obama>Bill_Clinton>Hillary_Clinton,Barack_Obama>George_H._W._Bush>Laura_Bush,Barack_Obama>Chicago>Michelle_Obama
