Entity,Score,,,
/m/04jpl,164,,,1008
/m/02_286,153,,,
/m/05qtj,107,,,
/m/01_d4,58,,,
/m/0dclg,46,,,
/m/0156q,45,,,
/m/0hyxv,43,,,
/m/02jx1,43,,,
/m/052p7,41,,,
/m/06y57,39,,,
/m/0h3jh08,38,,,
/m/02cft,38,,,
/m/0chgzm,36,,,
/m/0h7h6,35,,,
/m/02m77,32,,,
/m/0cr3d,30,,,
/m/01ly5m,30,,,
/m/095w_,30,,,
/m/030qb3t,29,,,
/m/05l64,29,,,
/m/0rh6k,28,,,
/m/06c62,28,,,
/m/0fhp9,28,,,
/m/0f8l9c,27,,,
/m/059rby,27,,,
/m/01cx_,27,,,
/m/0fhsz,26,,,
/m/081m_,26,,,
/m/0947l,25,,,
/m/0k33p,24,,,
/m/01l63,23,,,
/m/04swd,22,,,
/m/02dtg,22,,,
/m/04lh6,22,,,
/m/0k3p,22,,,
/m/0345h,21,,,
/m/05ywg,21,,,
/m/03l2n,20,,,
/m/052bw,20,,,
/m/09c7w0,20,,,
/m/094jv,19,,,
/m/0d6lp,19,,,
/m/06q1r,19,,,
/m/0dyl9,18,,,
/m/095l0,18,,,
/m/0n2z,18,,,
/m/06wxw,18,,,
/m/06pr6,18,,,
/m/0m75g,17,,,
/m/09949m,16,,,
/m/01sn3,16,,,
/m/068p2,16,,,
/m/0q34g,16,,,
/m/0chghy,15,,,
/m/012wgb,15,,,
/m/01lfy,15,,,
/m/0pmq2,14,,,
/m/031y2,14,,,
/m/07ssc,14,,,
/m/06mxs,14,,,
/m/07_pf,14,,,
/m/07z1m,13,,,
/m/0491y,13,,,
/m/05tbn,13,,,
/m/096gm,13,,,
/m/0f2tj,13,,,
/m/01n7q,13,,,
/m/04sqj,12,,,
/m/06wjf,12,,,
/m/05k7sb,12,,,
/m/03rk0,12,,,
/m/07mgr,12,,,
/m/02h6_6p,12,,,
/m/0ftlx,12,,,
/m/0fhzf,12,,,
/m/0y1rf,11,,,
/m/05ksh,11,,,
/m/03_r3,11,,,
/m/09tlh,11,,,
/m/07_kq,10,,,
/m/03khn,10,,,
/m/0853g,10,,,
/m/0ftjx,10,,,
/m/0hzlz,10,,,
/m/0fpzwf,10,,,
/m/04p3c,10,,,
/m/01smm,10,,,
/m/01zfrt,10,,,
/m/02z0j,10,,,
/m/03v0t,10,,,
/m/0hptm,10,,,
/m/094vy,10,,,
/m/04kf4,10,,,
/m/080h2,10,,,
/m/015jr,10,,,
/m/0d0vqn,9,,,
/m/0xnt5,9,,,
/m/0rng,9,,,
/m/0bm4j,9,,,
/m/07dfk,9,,,
/m/05xnv,9,,,
/m/0cc56,9,,,
/m/02m__,9,,,
/m/022pfm,9,,,
/m/0hknf,9,,,
/m/062qg,9,,,
/m/05l5n,9,,,
/m/0fm7s,9,,,
/m/0ctw_b,9,,,
/m/0d6hn,9,,,
/m/056_y,8,,,
/m/0dprg,8,,,
/m/0343_,8,,,
/m/071cn,8,,,
/m/0f2v0,8,,,
/m/03rjj,8,,,
/m/0f1sm,8,,,
/m/04cjn,8,,,
/m/0c_m3,8,,,
/m/0f2rq,8,,,
/m/0f2nf,8,,,
/m/029cr,8,,,
/m/03hrz,8,,,
/m/020d8d,8,,,
/m/0d060g,8,,,
/m/05qhw,8,,,
/m/019fh,8,,,
/m/013g3,8,,,
/m/07r_p,8,,,
/m/0pmp2,8,,,
/m/01f62,8,,,
/m/0177z,8,,,
/m/0lpfh,7,,,
/m/0fp5z,7,,,
/m/03pzf,7,,,
/m/06hdk,7,,,
/m/09f07,7,,,
/m/01yj2,7,,,
/m/01w2v,7,,,
/m/0fhzy,7,,,
/m/04vmp,7,,,
/m/04llb,7,,,
/m/03902,7,,,
/m/0845b,7,,,
/m/03h64,7,,,
/m/0727_,7,,,
/m/022_6,7,,,
/m/01914,7,,,
/m/05kr_,7,,,
/m/0mgp,7,,,
/m/0978r,7,,,
/m/09btk,7,,,
/m/06mzp,7,,,
/m/0nlh7,7,,,
/m/0123gq,7,,,
/m/02sn34,7,,,
/m/0c5_3,7,,,
/m/04hqz,7,,,
/m/0d23k,7,,,
/m/0fm2_,7,,,
/m/0430_,7,,,
/m/06gmr,6,,,
/m/0c_zx,6,,,
/m/0jdtt,6,,,
/m/013yq,6,,,
/m/06t2t,6,,,
/m/0d9jr,6,,,
/m/0fw2y,6,,,
/m/088cp,6,,,
/m/09b8m,6,,,
/m/03shp,6,,,
/m/0dzt9,6,,,
/m/0fjsl,6,,,
/m/0dhdp,6,,,
/m/071vr,6,,,
/m/0d04z6,6,,,
/m/0f__1,6,,,
/m/05fly,6,,,
/m/0b90_r,6,,,
/m/06cn5,6,,,
/m/0lphb,6,,,
/m/07b_l,6,,,
/m/01b85,6,,,
/m/0pfd9,6,,,
/m/05vw7,6,,,
/m/0gw2w,6,,,
/m/0j5g9,6,,,
/m/018x0q,6,,,
/m/0pbhz,6,,,
/m/02frhbc,6,,,
/m/06bnz,5,,,
/m/09f3c,5,,,
/m/015g7,5,,,
/m/0m7dd,5,,,
/m/05mph,5,,,
/m/01jp4s,5,,,
/m/01rwf_,5,,,
/m/03spz,5,,,
/m/07sb1,5,,,
/m/01tsq8,5,,,
/m/0f2w0,5,,,
/m/0d99m,5,,,
/m/0144wg,5,,,
/m/0fcyj,5,,,
/m/0150n,5,,,
/m/0ffmp,5,,,
/m/02vzc,5,,,
/m/0dgsn80,5,,,
/m/01531,5,,,
/m/07qzv,5,,,
/m/06flg,5,,,
/m/0cbhh,5,,,
/m/0rtv,5,,,
/m/01xr6x,5,,,
/m/0chgr2,5,,,
/m/0694j,5,,,
/m/0dlqv,5,,,
/m/07l5z,5,,,
/m/0clz7,5,,,
/m/0grd7,5,,,
/m/0lhn5,5,,,
/m/04f_d,5,,,
/m/0zc6f,5,,,
/m/02l3_,5,,,
/m/01423b,5,,,
/m/0sf9_,5,,,
/m/02fvv,5,,,
/m/0rd6b,5,,,
/m/01snm,5,,,
/m/0d6yv,5,,,
/m/0mzvm,5,,,
/m/0c630,5,,,
/m/04n3l,5,,,
/m/09b9m,5,,,
/m/0d7_n,5,,,
/m/012ts,5,,,
/m/01z28b,5,,,
/m/01zk9d,5,,,
/m/01773g,5,,,
/m/03gj2,5,,,
/m/02z2lj,4,,,
/m/0fgj2,4,,,
/m/0_lr1,4,,,
/m/0cy07,4,,,
/m/0vzm,4,,,
/m/084kf,4,,,
/m/013gwb,4,,,
/m/0rt80,4,,,
/m/0gmkn,4,,,
/m/01n4nd,4,,,
/m/0151s1,4,,,
/m/0cdw6,4,,,
/m/028n3,4,,,
/m/0b2lw,4,,,
/m/0f8j6,4,,,
/m/0171b8,4,,,
/m/0hc8h,4,,,
/m/09ctj,4,,,
/m/0k5p1,4,,,
/m/06_kh,4,,,
/m/0gkgp,4,,,
/m/04ykg,4,,,
/m/0n1rj,4,,,
/m/0hvm_,4,,,
/m/0d8s8,4,,,
/m/09bkv,4,,,
/m/022b_,4,,,
/m/0fvzz,4,,,
/m/05fjf,4,,,
/m/0488g,4,,,
/m/0xn7q,4,,,
/m/09f8q,4,,,
/m/0154j,4,,,
/m/0k424,4,,,
/m/02bb26,4,,,
/m/035m6,4,,,
/m/05fkf,4,,,
/m/0_vn7,4,,,
/m/013wf1,4,,,
/m/0dp90,4,,,
/m/0g0rp,4,,,
/m/012gg6,4,,,
/m/0jgd,4,,,
/m/0c1d0,4,,,
/m/0rgxp,4,,,
/m/01znc_,4,,,
/m/01fqm,4,,,
/m/01z9j2,4,,,
/m/02k54,4,,,
/m/01n4w,4,,,
/m/02yc5b,4,,,
/m/09pxc,4,,,
/m/05bkf,4,,,
/m/096g3,4,,,
/m/0fngf,4,,,
/m/0174qm,4,,,
/m/05bcl,3,,,
/m/0cht6,3,,,
/m/04jt2,3,,,
/m/03m7lkk,3,,,
/m/06mkj,3,,,
/m/0dmy0,3,,,
/m/0c8tk,3,,,
/m/012wyq,3,,,
/m/0m_xy,3,,,
/m/0tbql,3,,,
/m/011zll,3,,,
/m/01m7mv,3,,,
/m/013hxv,3,,,
/m/0167q3,3,,,
/m/04_lb,3,,,
/m/0fw2f,3,,,
/m/0ftxw,3,,,
/m/0bwtj,3,,,
/m/0fnx1,3,,,
/m/09jq0,3,,,
/m/0824r,3,,,
/m/01rwbd,3,,,
/m/016wrq,3,,,
/m/018_7x,3,,,
/m/0cl8c,3,,,
/m/05kkh,3,,,
/m/01s3v,3,,,
/m/0jyw,3,,,
/m/01m1zk,3,,,
/m/06n8j,3,,,
/m/018djs,3,,,
/m/01qh7,3,,,
/m/0b28g,3,,,
/m/01k4f,3,,,
/m/0ncq_,3,,,
/m/0cc07,3,,,
/m/01jxlz,3,,,
/m/0fs_s,3,,,
/m/0ggyr,3,,,
/m/0t6hk,3,,,
/m/0dzs0,3,,,
/m/0c66m,3,,,
/m/01b8jj,3,,,
/m/01n43d,3,,,
/m/03mrq,3,,,
/m/0363pj,3,,,
/m/01cr28,3,,,
/m/01mp9v,3,,,
/m/09b83,3,,,
/m/029kpy,3,,,
/m/05vz3zq,3,,,
/m/0rfqm,3,,,
/m/0ck6r,3,,,
/m/0fydw,3,,,
/m/05r7t,3,,,
/m/013jz2,3,,,
/m/0zz6w,3,,,
/m/021g3m,3,,,
/m/0bld8,3,,,
/m/0_xdd,3,,,
/m/01b1nk,3,,,
/m/0100mt,3,,,
/m/0t6sb,3,,,
/m/01b8w_,3,,,
/m/0n6bs,3,,,
/m/012d9h,3,,,
/m/025569,3,,,
/m/0bdg5,3,,,
/m/02gw_w,3,,,
/m/04rrd,3,,,
/m/0fsb8,3,,,
/m/029t1,3,,,
/m/0cm5m,3,,,
/m/03_xj,3,,,
/m/0gyh,3,,,
/m/01rm37,3,,,
/m/024z58,3,,,
/m/0d0x8,3,,,
/m/07bbc,3,,,
/m/0d33k,3,,,
/m/025r_t,3,,,
/m/0lpk3,3,,,
/m/0gx1l,3,,,
/m/0bj40,3,,,
/m/0jw_5,3,,,
/m/04g61,3,,,
/m/01gr00,3,,,
/m/01d45t,3,,,
/m/0jcx1,3,,,
/m/01tn8d,3,,,
/m/09c6w,3,,,
/m/02_n7,3,,,
/m/0d8r8,3,,,
/m/0z1vw,3,,,
/m/0y617,3,,,
/m/0fn_m,3,,,
/m/0dlv0,3,,,
/m/0mnwd,3,,,
/m/020s0s,3,,,
/m/035qy,3,,,
/m/0843m,3,,,
/m/0149mq,3,,,
/m/0m4kn,3,,,
/m/03pbf,3,,,
/m/04682_,3,,,
/m/0k6nt,3,,,
/m/01g_k3,3,,,
/m/0fttg,3,,,
/m/0138kk,3,,,
/m/0bp_7,3,,,
/m/064xp,3,,,
/m/04wgh,3,,,
/m/01t4p0,3,,,
/m/01x42h,3,,,
/m/0q8sw,3,,,
/m/0g133,2,,,
/m/01fd26,2,,,
/m/08966,2,,,
/m/058cm,2,,,
/m/0ptj2,2,,,
/m/0hpyv,2,,,
/m/0126hc,2,,,
/m/0fr0t,2,,,
/m/013yqs,2,,,
/m/03fvpp,2,,,
/m/0r_13,2,,,
/m/0t_gg,2,,,
/m/0p8bz,2,,,
/m/031f6h,2,,,
/m/0ftn8,2,,,
/m/037n3,2,,,
/m/0tdqg,2,,,
/m/0_g_6,2,,,
/m/0mn6k,2,,,
/m/04v3q,2,,,
/m/012g0n,2,,,
/m/01psfx,2,,,
/m/06c1y,2,,,
/m/0mw7h,2,,,
/m/0df4y,2,,,
/m/0t_07,2,,,
/m/0dlxj,2,,,
/m/0n9_t,2,,,
/m/0hzgf,2,,,
/m/0prxp,2,,,
/m/01m7lf,2,,,
/m/0205m3,2,,,
/m/0174pr,2,,,
/m/09hzc,2,,,
/m/0tr3p,2,,,
/m/0d_61,2,,,
/m/0136jw,2,,,
/m/0m__z,2,,,
/m/013nty,2,,,
/m/01m20m,2,,,
/m/0_790,2,,,
/m/01fyvj,2,,,
/m/0619_,2,,,
/m/01kxnd,2,,,
/m/03zvxw,2,,,
/m/03fk_0,2,,,
/m/01m23s,2,,,
/m/088q4,2,,,
/m/0yhlj,2,,,
/m/050ks,2,,,
/m/02qjb7z,2,,,
/m/0h1fz7n,2,,,
/m/023gdg,2,,,
/m/01q0l,2,,,
/m/02z2sj,2,,,
/m/05zhg,2,,,
/m/04rrx,2,,,
/m/01r32,2,,,
/m/0jpvq,2,,,
/m/023g1h,2,,,
/m/04z7xv,2,,,
/m/07q3s,2,,,
/m/0135p7,2,,,
/m/0gzyb,2,,,
/m/0889d,2,,,
/m/01lfvj,2,,,
/m/01gchw,2,,,
/m/09c17,2,,,
/m/0276zg,2,,,
/m/0g9fm,2,,,
/m/01q1j,2,,,
/m/0ddckch,2,,,
/m/0d6nx,2,,,
/m/0jgk_,2,,,
/m/0flsf,2,,,
/m/01n7rc,2,,,
/m/0d2lt,2,,,
/m/0522_0,2,,,
/m/01n244,2,,,
/m/09bjv,2,,,
/m/026_9_,2,,,
/m/01dnrs,2,,,
/m/0sjqm,2,,,
/m/0dq16,2,,,
/m/02hrh0_,2,,,
/m/0ps0r,2,,,
/m/09472,2,,,
/m/07tcs,2,,,
/m/0n9r8,2,,,
/m/0pc56,2,,,
/m/071g6,2,,,
/m/017vdg,2,,,
/m/03x45p,2,,,
/m/082sy9,2,,,
/m/0s69k,2,,,
/m/0h7x,2,,,
/m/01fbb3,2,,,
/m/0qlrh,2,,,
/m/0n8wv,2,,,
/m/01lygk,2,,,
/m/0byh8j,2,,,
/m/0hx5f,2,,,
/m/06nrt,2,,,
/m/029czt,2,,,
/m/02zt1g,2,,,
/m/01vcxq,2,,,
/m/0_dwz,2,,,
/m/0d8zt,2,,,
/m/02h98sm,2,,,
/m/0gyvgw,2,,,
/m/0sd7v,2,,,
/m/0lpsj,2,,,
/m/07_f2,2,,,
/m/021lkq,2,,,
/m/04_zbj,2,,,
/m/0rwyk,2,,,
/m/0nbfm,2,,,
/m/0fvyg,2,,,
/m/0tt6k,2,,,
/m/07x4c,2,,,
/m/0nq_b,2,,,
/m/09lvk,2,,,
/m/04ych,2,,,
/m/06k74j,2,,,
/m/04_z3x,2,,,
/m/01tjvv,2,,,
/m/023sm8,2,,,
/m/0fnc_,2,,,
/m/0pspl,2,,,
/m/0cd33,2,,,
/m/0z18v,2,,,
/m/0nbwf,2,,,
/m/01m3y_,2,,,
/m/01kj5x,2,,,
/m/0psxp,2,,,
/m/09pmkv,2,,,
/m/05fjy,2,,,
/m/01_wjj,2,,,
/m/034lk7,2,,,
/m/0zx71,2,,,
/m/017gry,2,,,
/m/04ly1,2,,,
/m/0g34_,2,,,
/m/0cvdh,2,,,
/m/0577d,2,,,
/m/0s9gh,2,,,
/m/01z28q,2,,,
/m/0plyy,2,,,
/m/06yxd,2,,,
/m/04gxf,2,,,
/m/01hpnh,2,,,
/m/0d35y,2,,,
/m/0cxgc,2,,,
/m/01xpg,2,,,
/m/0mm_4,2,,,
/m/0m_1s,2,,,
/m/0bmm4,2,,,
/m/0fkxj,2,,,
/m/0qb0j,2,,,
/m/02ydp3,2,,,
/m/01kq5,2,,,
/m/02sjvx,2,,,
/m/0fvwg,2,,,
/m/0ggh3,2,,,
/m/01zrq0,2,,,
/m/05v8c,2,,,
/m/0c4kv,2,,,
/m/02j3w,2,,,
/m/01mk6,2,,,
/m/02cl1,2,,,
/m/071zb,2,,,
/m/01dky4,2,,,
/m/0zrlp,2,,,
/m/0htqt,2,,,
/m/0tz1x,2,,,
/m/01md04,2,,,
/m/0h3jv49,2,,,
/m/01vc3y,2,,,
/m/013h9,2,,,
/m/06_vdx3,2,,,
/m/01d66p,2,,,
/m/0214m4,2,,,
/m/029_t0,2,,,
/m/05gqy,2,,,
/m/037syy,2,,,
/m/02lbc,2,,,
/m/07s3m,2,,,
/m/0xszy,2,,,
/m/0xz98,2,,,
/m/02hgz,2,,,
/m/01jr6,2,,,
/m/0rd5k,2,,,
/m/0hf7l,2,,,
/m/02chp9,2,,,
/m/0dly0,2,,,
/m/0dcff,2,,,
/m/020vr0,2,,,
/m/0d3ff,2,,,
/m/0ncy4,2,,,
/m/019fv4,2,,,
/m/01l5rz,2,,,
/m/0fn7r,2,,,
/m/0q8p8,2,,,
/m/0dg53,2,,,
/m/0c499,2,,,
/m/0cvw9,2,,,
/m/0c6fz,2,,,
/m/0fr_b,2,,,
/m/0n6dc,2,,,
/m/0chjm,2,,,
/m/027ctx,2,,,
/m/020c_q,2,,,
/m/07dv8,2,,,
/m/07t21,2,,,
/m/01t4hj,2,,,
/m/0h3tv,2,,,
/m/0yl27,2,,,
/m/017pgr,2,,,
/m/0clzr,2,,,
/m/01mhkx,2,,,
/m/02hvjy,2,,,
/m/0bsl6,2,,,
/m/0h45n,2,,,
/m/0fvxz,2,,,
/m/0mwvq,2,,,
/m/0nccd,2,,,
/m/096p6,2,,,
/m/0543rn,2,,,
/m/01rt22,2,,,
/m/021y1s,2,,,
/m/0_lgf,2,,,
/m/07h34,2,,,
/m/0dm0f,2,,,
/m/05r4w,2,,,
/m/013kcv,2,,,
/m/06f0y3,2,,,
/m/018h1w,2,,,
/m/0ftq7,2,,,
/m/067z4,2,,,
/m/0n03f,2,,,
/m/0b_yz,2,,,
/m/0wh3,2,,,
/m/010y34,2,,,
/m/0df_c,2,,,
/m/0xy28,2,,,
/m/059f4,2,,,
/m/01ngxm,1,,,
/m/018ym2,1,,,
/m/03q_m_,1,,,
/m/0l4vc,1,,,
/m/01_gpf,1,,,
/m/0153mh,1,,,
/m/0d9y6,1,,,
/m/0ghtf,1,,,
/m/0jx0_,1,,,
/m/04xvf9,1,,,
/m/02dg0d,1,,,
/m/0v9qg,1,,,
/m/01p726,1,,,
/m/01v8c,1,,,
/m/01k6t_,1,,,
/m/01zct_,1,,,
/m/01z6gc,1,,,
/m/0t67h,1,,,
/m/0jyd5,1,,,
/m/0jgvy,1,,,
/m/0d4k2,1,,,
/m/0j95,1,,,
/m/010z5n,1,,,
/m/0656m4,1,,,
/m/0195pd,1,,,
/m/0rdsd,1,,,
/m/03gh4,1,,,
/m/017_4z,1,,,
/m/01yf40,1,,,
/m/0pvvh,1,,,
/m/0sbv7,1,,,
/m/0fnyc,1,,,
/m/0dhml,1,,,
/m/0b55d7,1,,,
/m/0j7ng,1,,,
/m/0s5cg,1,,,
/m/0206lp,1,,,
/m/0sg6b,1,,,
/m/011w97,1,,,
/m/03s6dc,1,,,
/m/0jx5j,1,,,
/m/0zhv2,1,,,
/m/0tvzg,1,,,
/m/0mpbj,1,,,
/m/0tvfl,1,,,
/m/018d5b,1,,,
/m/01zkgw,1,,,
/m/0106dv,1,,,
/m/010lkf,1,,,
/m/0z1cr,1,,,
/m/0fwc0,1,,,
/m/0mb2b,1,,,
/m/06w47wm,1,,,
/m/01nc5p,1,,,
/m/09g5dmp,1,,,
/m/03xprz,1,,,
/m/0ccvd,1,,,
/m/015fr,1,,,
/m/061k5,1,,,
/m/02k_r5,1,,,
/m/0118d3,1,,,
/m/012fzm,1,,,
/m/0pbjg,1,,,
/m/0nc9m,1,,,
/m/0pzmf,1,,,
/m/0_nts,1,,,
/m/02qrw3,1,,,
/m/01m7y8,1,,,
/m/012nm4,1,,,
/m/0zmh0,1,,,
/m/0kcw2,1,,,
/m/01zrs_,1,,,
/m/0h30_,1,,,
/m/01jvk_,1,,,
/m/0ncj8,1,,,
/m/0z2_9,1,,,
/m/0mn9x,1,,,
/m/010s_p,1,,,
/m/012thc,1,,,
/m/012j32,1,,,
/m/0pqty,1,,,
/m/02y4t,1,,,
/m/01dzyc,1,,,
/m/01l3md,1,,,
/m/019rvp,1,,,
/m/01yc8g,1,,,
/m/0fvvz,1,,,
/m/0ps8c,1,,,
/m/05xtcr,1,,,
/m/0kcrd,1,,,
/m/07vkjp,1,,,
/m/0cwz6,1,,,
/m/0bw4vt,1,,,
/m/0v2wq,1,,,
/m/0qplq,1,,,
/m/0sm0v,1,,,
/m/042sfw,1,,,
/m/0qt08,1,,,
/m/032htt,1,,,
/m/0nqph,1,,,
/m/09vmyv,1,,,
/m/0ydpd,1,,,
/m/06nnj,1,,,
/m/0sq2v,1,,,
/m/03ykzv,1,,,
/m/0156ts,1,,,
/m/04rcql,1,,,
/m/016549,1,,,
/m/0pswc,1,,,
/m/0d3r17,1,,,
/m/0_8pt,1,,,
/m/010hm_,1,,,
/m/03v1s,1,,,
/m/0kd69,1,,,
/m/0tz41,1,,,
/m/018dcy,1,,,
/m/0cp6w,1,,,
/m/019kf_,1,,,
/m/01h5td,1,,,
/m/0_ds,1,,,
/m/01z8f0,1,,,
/m/01dg2n,1,,,
/m/0hyq_,1,,,
/m/05b6tjh,1,,,
/m/03s0w,1,,,
/m/033dxz,1,,,
/m/01qq80,1,,,
/m/07q95j,1,,,
/m/01d8wq,1,,,
/m/026yfm,1,,,
/m/0xmfz,1,,,
/m/023vwt,1,,,
/m/0l17s,1,,,
/m/013nws,1,,,
/m/05fky,1,,,
/m/02y7gr,1,,,
/m/019l15,1,,,
/m/0yqqm,1,,,
/m/0snwc,1,,,
/m/02ckm7,1,,,
/m/0nj07,1,,,
/m/0228v0,1,,,
/m/04hhb,1,,,
/m/03yq_z,1,,,
/m/0180yl,1,,,
/m/06vhx1,1,,,
/m/0d4pzn,1,,,
/m/0g87b,1,,,
/m/01q9q7,1,,,
/m/02xd2v,1,,,
/m/03895d,1,,,
/m/013wc8,1,,,
/m/0tyql,1,,,
/m/036wy,1,,,
/m/0tt21,1,,,
/m/01g3v9,1,,,
/m/029_4v,1,,,
/m/02s2xy,1,,,
/m/035dk,1,,,
/m/02078k,1,,,
/m/0ply0,1,,,
/m/0h095,1,,,
/m/0j8p6,1,,,
/m/06zc6z,1,,,
/m/02crh9,1,,,
/m/0xt4k,1,,,
/m/0glcsw,1,,,
/m/01z68y,1,,,
/m/022tq4,1,,,
/m/01pslg,1,,,
/m/0nnv5,1,,,
/m/030v72,1,,,
/m/01m206,1,,,
/m/0245n9,1,,,
/m/017w_,1,,,
/m/010t4v,1,,,
/m/047876,1,,,
/m/0136p,1,,,
/m/011__n,1,,,
/m/020vtz,1,,,
/m/0h9vh,1,,,
/m/0rfjj,1,,,
/m/07srw,1,,,
/m/0bjk9,1,,,
/m/0sh54,1,,,
/m/01z5kg,1,,,
/m/0ccvx,1,,,
/m/04tgp,1,,,
/m/0t_b8,1,,,
/m/01kjf4,1,,,
/m/0229n5,1,,,
/m/0gj95,1,,,
/m/03hlp1b,1,,,
/m/0dc95,1,,,
/m/01vjg6,1,,,
/m/0d1yn,1,,,
/m/0f25y,1,,,
/m/01fhg3,1,,,
/m/01pbf3,1,,,
/m/0nnd9,1,,,
/m/013kz_,1,,,
/m/0g14f,1,,,
/m/0sphq,1,,,
/m/0qm40,1,,,
/m/01wmfn,1,,,
/m/0fs_8,1,,,
/m/0k1p8,1,,,
/m/06_cpz,1,,,
/m/0dgfx,1,,,
/m/04m_fx,1,,,
/m/0cmz2s,1,,,
/m/0jx0k,1,,,
/m/0ggt2,1,,,
/m/0xms9,1,,,
/m/0r4wn,1,,,
/m/0162v,1,,,
/m/05c74,1,,,
/m/01z22v,1,,,
/m/01nln,1,,,
/m/019_f9,1,,,
/m/0kx53,1,,,
/m/0rj0z,1,,,
/m/017jqc,1,,,
/m/0chrx,1,,,
/m/01kjqj,1,,,
/m/045vhb,1,,,
/m/01dtq1,1,,,
/m/013_wr,1,,,
/m/0qmgs,1,,,
/m/01tmp8,1,,,
/m/0hkpn,1,,,
/m/0247my,1,,,
/m/01rw8w,1,,,
/m/0xn49,1,,,
/m/0d4xk5,1,,,
/m/0hm2s,1,,,
/m/01874t,1,,,
/m/0pz3h,1,,,
/m/0hsqf,1,,,
/m/0f_s1,1,,,
/m/03_3d,1,,,
/m/02jhm_,1,,,
/m/02z0q3,1,,,
/m/0pfhn,1,,,
/m/0cpyv,1,,,
/m/0sjdw,1,,,
/m/0235n9,1,,,
/m/0zzmc,1,,,
/m/01l3s0,1,,,
/m/0p5_7,1,,,
/m/05sb1,1,,,
/m/01cw6l,1,,,
/m/0jt2p4m,1,,,
/m/01q7yl,1,,,
/m/01kcww,1,,,
/m/067jn5,1,,,
/m/04529j,1,,,
/m/0rdb6,1,,,
/m/0fq8f,1,,,
/m/039p0v,1,,,
/m/02k2pj,1,,,
/m/0ynfz,1,,,
/m/03t_zb,1,,,
/m/02dtqs,1,,,
/m/0nbrp,1,,,
/m/02kmm,1,,,
/m/04x8jb,1,,,
/m/0_7z2,1,,,
/m/0sn4f,1,,,
/m/01f_tx,1,,,
/m/03qf4pm,1,,,
/m/03dtnf,1,,,
/m/0_24q,1,,,
/m/02675g,1,,,
/m/0pmn7,1,,,
/m/02bnd4,1,,,
/m/06gqs2,1,,,
/m/099757,1,,,
/m/0c6kz,1,,,
/m/0dvt0,1,,,
/m/01qnm2,1,,,
/m/01jzm9,1,,,
/m/018nvf,1,,,
/m/0xn99,1,,,
/m/0xynl,1,,,
/m/06f32,1,,,
/m/0200jc,1,,,
/m/0fhmy,1,,,
/m/048kw,1,,,
/m/010hwq,1,,,
/m/073_7g,1,,,
/m/0vfs8,1,,,
/m/02049g,1,,,
/m/017fy2,1,,,
/m/05g2b,1,,,
/m/0t_d0,1,,,
/m/0tz1j,1,,,
/m/025dzb,1,,,
/m/01rmjw,1,,,
/m/027661,1,,,
/m/0xgy1,1,,,
/m/0z_6m,1,,,
/m/04vs9,1,,,
/m/0g39h,1,,,
/m/0498y,1,,,
/m/06mtq,1,,,
/m/0cy41,1,,,
/m/01qwkd,1,,,
/m/0jk_8,1,,,
/m/0ncv8,1,,,
/m/01mdcj,1,,,
/m/01mf49,1,,,
/m/01xkb_,1,,,
/m/02lbfl,1,,,
/m/0fq73,1,,,
/m/0z_7n,1,,,
/m/022yd2,1,,,
/m/016wzw,1,,,
/m/04vy66,1,,,
/m/0124dp,1,,,
/m/01ptj2,1,,,
/m/0d9f2,1,,,
/m/0mym7,1,,,
/m/0ct24,1,,,
/m/037lhz,1,,,
/m/019rg5,1,,,
/m/0rh7t,1,,,
/m/0_xcc,1,,,
/m/018h8j,1,,,
/m/0r62v,1,,,
/m/01llj3,1,,,
/m/03y6k,1,,,
/m/03_33l,1,,,
/m/0d739,1,,,
/m/029wzw,1,,,
/m/05sq73,1,,,
/m/0n3zj,1,,,
/m/05jbn,1,,,
/m/02s838,1,,,
/m/0nb_v,1,,,
/m/0swwn,1,,,
/m/0xq2p,1,,,
/m/02b7p_,1,,,
/m/0rd8m,1,,,
/m/03_10l,1,,,
/m/0hj6h,1,,,
/m/01glqw,1,,,
/m/0hqzr,1,,,
/m/04g4np,1,,,
/m/03gt4y,1,,,
/m/04t0n,1,,,
/m/01n8m_,1,,,
/m/0229j9,1,,,
/m/0vjkp,1,,,
/m/03rgg,1,,,
/m/0tl6d,1,,,
/m/01mc0q,1,,,
/m/01hd58,1,,,
/m/0114m0,1,,,
/m/01xyy,1,,,
/m/02ly_,1,,,
/m/0vhb3,1,,,
/m/021bfb,1,,,
/m/0b2mc,1,,,
/m/052577h,1,,,
/m/0ncf9,1,,,
/m/0j4q1,1,,,
/m/01m88p,1,,,
/m/0r138,1,,,
/m/02080k,1,,,
/m/0r639,1,,,
/m/0rdp8,1,,,
/m/02z6bk,1,,,
/m/0hvlp,1,,,
/m/0yzzb,1,,,
/m/04jwhk,1,,,
/m/0drl1,1,,,
/m/0y62n,1,,,
/m/021gtl,1,,,
/m/087vz,1,,,
/m/02xzpz,1,,,
/m/01ddxw,1,,,
/m/0dgnts,1,,,
/m/02xry,1,,,
/m/021gt5,1,,,
/m/03v43b,1,,,
/m/0h924,1,,,
/m/0l2q3,1,,,
/m/0ydxr,1,,,
/m/0rdn4,1,,,
/m/0kpzy,1,,,
/m/05mwx,1,,,
/m/05fhy,1,,,
/m/022yqf,1,,,
/m/0jq27,1,,,
/m/02_8zx,1,,,
/m/02p3h7q,1,,,
/m/022rt1,1,,,
/m/014xj3,1,,,
/m/02lcc,1,,,
/m/01vwhd,1,,,
/m/01k1v,1,,,
/m/0fhmf,1,,,
/m/016n7v,1,,,
/m/07bcn,1,,,
/m/01t8c8,1,,,
/m/072yfv,1,,,
/m/0k_6t,1,,,
/m/01mlp4,1,,,
/m/0fsmy,1,,,
/m/013fln,1,,,
/m/034m8,1,,,
/m/019y99,1,,,
/m/07q4g4,1,,,
/m/0mnrq,1,,,
/m/0b283h,1,,,
/m/0qwwz,1,,,
/m/01b3xv,1,,,
/m/02cb1j,1,,,
/m/0x1vt,1,,,
/m/0xf9j,1,,,
/m/01tf6h,1,,,
/m/0l0gl,1,,,
/m/0256py,1,,,
/m/01vsl,1,,,
/m/01z21p,1,,,
/m/010l_,1,,,
/m/0d05w3,1,,,
/m/07cfrp,1,,,
/m/0s1w7,1,,,
/m/02bm8,1,,,
/m/0265b2l,1,,,
/m/0fs44,1,,,
/m/0rd90,1,,,
/m/013_r4,1,,,
/m/0dztt,1,,,
/m/01xbld,1,,,
/m/0393g,1,,,
/m/01rng,1,,,
/m/02b6qm,1,,,
/m/0xlbv,1,,,
/m/05b4w,1,,,
/m/07m_f,1,,,
/m/0plxn,1,,,
/m/01p3z5,1,,,
/m/01k_73,1,,,
/m/01gbt2,1,,,
/m/013tbb,1,,,
/m/023b97,1,,,
/m/01r76y,1,,,
/m/0mzww,1,,,
/m/0ljsz,1,,,
/m/018n0s,1,,,
/m/019zq0,1,,,
/m/01j1b1,1,,,
/m/04hpw6,1,,,
/m/0jdx,1,,,
/m/09rvw_1,1,,,
/m/0tz54,1,,,
/m/0fw4v,1,,,
/m/01m1_d,1,,,
/m/015y2q,1,,,
/m/01zxx9,1,,,
/m/02jjy1,1,,,
/m/02hlvn,1,,,
/m/06wfxz,1,,,
/m/045tjg,1,,,
/m/03msf,1,,,
/m/047c22r,1,,,
/m/0fp2v,1,,,
/m/0tyww,1,,,
/m/019xz9,1,,,
/m/01m22n,1,,,
/m/013jcb,1,,,
/m/040yvl,1,,,
/m/020r55,1,,,
/m/0fvzg,1,,,
/m/0htx8,1,,,
/m/0yt73,1,,,
/m/0wv0v,1,,,
/m/0n9bf,1,,,
/m/0p6nx,1,,,
/m/046p3r,1,,,
/m/0gw1x,1,,,
/m/03qhnx,1,,,
/m/0l3n4,1,,,
/m/0228vd,1,,,
/m/06f7r5,1,,,
/m/0r0cp,1,,,
/m/0p98z,1,,,
/m/018833,1,,,
/m/0yc9m,1,,,
/m/01t8gz,1,,,
/m/028q7m,1,,,
/m/0f2wj,1,,,
/m/01850g,1,,,
/m/03qfl1s,1,,,
/m/0s9z_,1,,,
/m/0xtz9,1,,,
/m/01kmyh,1,,,
/m/0166j1,1,,,
/m/01w2dq,1,,,
/m/0fg1g,1,,,
/m/01qjct,1,,,
/m/03rt9,1,,,
/m/020xx0,1,,,
/m/0qxhc,1,,,
/m/03676,1,,,
/m/0y2bp,1,,,
/m/014zhd,1,,,
/m/0206v5,1,,,
/m/02l6bt,1,,,
/m/02n5vc,1,,,
/m/05rtb3,1,,,
/m/0jw_p,1,,,
/m/028118,1,,,
/m/036_fk,1,,,
/m/0cdr3,1,,,
/m/06w92,1,,,
/m/0nbgf,1,,,
/m/0wrbr,1,,,
/m/07g0_,1,,,
/m/0133ch,1,,,
/m/0txrs,1,,,
/m/0_75d,1,,,
/m/024vs0,1,,,
/m/074r0,1,,,
/m/0bgrr0,1,,,
/m/0gqm3,1,,,
/m/01bgkq,1,,,
/m/0gqkd,1,,,
/m/01mjfr,1,,,
/m/0zgfm,1,,,
/m/0228r1,1,,,
/m/03gq0y,1,,,
/m/01ct3s,1,,,
/m/0fn2g,1,,,
/m/044rv,1,,,
/m/055d0y,1,,,
/m/049d1,1,,,
/m/0345yb,1,,,
/m/01crd5,1,,,
/m/02k6v3,1,,,
/m/02rbcm,1,,,
/m/0l3q2,1,,,
/m/03n_22,1,,,
/m/0lnfy,1,,,
/m/0fqby,0,,,
/m/0yvyn,0,,,
/m/06fpy1,0,,,
/m/0k9qf,0,,,
/m/0148ds,0,,,
/m/03df1n,0,,,
/m/0c58d2,0,,,
/m/01wlpb,0,,,
/m/07hzzp,0,,,
/m/0159g9,0,,,
/m/05blk4,0,,,
/m/06900v,0,,,
/m/0z61k,0,,,
/m/0bwcsrh,0,,,
/m/018njr,0,,,
/m/022xzn,0,,,
/m/06tgdw,0,,,
/m/041lhq,0,,,
/m/0166c7,0,,,
/m/0159fw,0,,,
/m/0psbj,0,,,
/m/0118br,0,,,
/m/070v7_,0,,,
/m/03_dfy,0,,,
/m/0gc1rz,0,,,
/m/03hgk2d,0,,,
/m/0_fm4,0,,,
/m/01js1,0,,,
/m/01024_,0,,,
/m/072wtw,0,,,
/m/0yfk9,0,,,
/m/0t245,0,,,
/m/069yjp,0,,,
/m/0n59f,0,,,
/m/08hl95,0,,,
/m/02jz7t,0,,,
/m/03gq2s8,0,,,
/m/01tpyy,0,,,
/m/04n8js,0,,,
/m/0199ll,0,,,
/m/0r0ss,0,,,
/m/095hx,0,,,
/m/0b7jwm,0,,,
/m/027_dl,0,,,
/m/02mpkn,0,,,
/m/0dxv3_,0,,,
/m/0g3d7l,0,,,
/m/02mzmt,0,,,
/m/02h9pc,0,,,
/m/0mm0p,0,,,
/m/0c7l_,0,,,
/m/0x37g,0,,,
/m/02496r,0,,,
/m/05p46k,0,,,
/m/025nxn,0,,,
/m/0293vh,0,,,
/m/02qfk6,0,,,
/m/01mchm,0,,,
/m/027p4f,0,,,
/m/0tds6,0,,,
/m/02ny3d,0,,,
/m/0bwcwq8,0,,,
/m/01cc2g,0,,,
/m/0s6jm,0,,,
/m/04yk93,0,,,
/m/06scjz,0,,,
/m/06y9v,0,,,
/m/011xs4,0,,,
/m/0dgnxw,0,,,
/m/061y1m,0,,,
/m/0vck,0,,,
/m/0pqz3,0,,,
/m/03520t,0,,,
/m/0mnz0,0,,,
/m/02xd1_,0,,,
/m/03ns64,0,,,
/m/07kc_z2,0,,,
/m/0ryn2,0,,,
/m/0cb0hc,0,,,
/m/027hvk,0,,,
/m/02z6qgp,0,,,
/m/018758,0,,,
/m/02m1s5,0,,,
/m/0jx2v,0,,,
/m/01m9jh,0,,,
/m/022slv,0,,,
/m/05bg29,0,,,
/m/05y7ns,0,,,
/m/0x_y,0,,,
/m/01_984,0,,,
/m/03c86k9,0,,,
/m/05rh2,0,,,
/m/022j7d,0,,,
/m/0pbfw,0,,,
/m/0342kz,0,,,
/m/041762p,0,,,
/m/0g9zq0g,0,,,
/m/01z6h3,0,,,
/m/080bsdg,0,,,
/m/027qyc7,0,,,
/m/0clzls,0,,,
/m/024l13,0,,,
/m/0v0d9,0,,,
/m/0yz6z,0,,,
/m/07jk8g3,0,,,
/m/02f5dj,0,,,
/m/0jwz5,0,,,
/m/024vqy,0,,,
/m/04wrbz,0,,,
/m/01mrn8,0,,,
/m/0r8bh,0,,,
/m/0kc40,0,,,
/m/026yth,0,,,
/m/02vtrz,0,,,
/m/0v42z,0,,,
/m/02q4gyr,0,,,
/m/073nzb,0,,,
/m/014660,0,,,
/m/01hdp5,0,,,
/m/01j8yr,0,,,
/m/01y9yy,0,,,
/m/0tbrd,0,,,
/m/05p8hz,0,,,
/m/01jmpf,0,,,
/m/023hnx,0,,,
/m/0283xfn,0,,,
/m/0h0rvj,0,,,
/m/06dyh9,0,,,
/m/0tt44,0,,,
/m/0566_9,0,,,
/m/011hvn,0,,,
/m/042pn9,0,,,
/m/033npq,0,,,
/m/01425k,0,,,
/m/0nc6r,0,,,
/m/01rck1,0,,,
/m/0162b,0,,,
/m/03cy42,0,,,
/m/01mhfr,0,,,
/m/05bhvv,0,,,
/m/0rfh0,0,,,
/m/02qkcy,0,,,
/m/097hzy,0,,,
/m/06w5ny8,0,,,
/m/027_q27,0,,,
/m/0tlcn,0,,,
/m/02x27q,0,,,
/m/0b170t,0,,,
/m/0bwb_z7,0,,,
/m/056hsk,0,,,
/m/021qk2,0,,,
/m/0vqmb,0,,,
/m/019k9x,0,,,
/m/0crj5l,0,,,
/m/0n4mk,0,,,
/m/0b1mf,0,,,
/m/0cfg6b,0,,,
/m/022j85,0,,,
/m/0138ky,0,,,
/m/0jpy_,0,,,
/m/052yjj,0,,,
/m/01dyk8,0,,,
/m/031bx7,0,,,
/m/0116w_,0,,,
/m/0f04v,0,,,
/m/027n8q,0,,,
/m/0xzx1,0,,,
/m/0ncb9,0,,,
/m/04w4s,0,,,
/m/07tk7,0,,,
/m/0g83j,0,,,
/m/07cpxk,0,,,
/m/07k6s08,0,,,
/m/0pdbs,0,,,
/m/02rfzk,0,,,
/m/02pvk0t,0,,,
/m/0gcgzn,0,,,
/m/0gk0l,0,,,
/m/042wwn,0,,,
/m/02z9140,0,,,
/m/019xhk,0,,,
/m/0dhbw3,0,,,
/m/0p8fn,0,,,
/m/05_rn9,0,,,
/m/04kg5r,0,,,
/m/0mp3l,0,,,
/m/0bhd_3,0,,,
/m/0fn8p,0,,,
/m/03wsxj,0,,,
/m/010vmb,0,,,
/m/0cmb3,0,,,
/m/0l1k8,0,,,
/m/09v0hw,0,,,
/m/05p0k8z,0,,,
/m/0r2x7,0,,,
/m/0fz25,0,,,
/m/03__m0,0,,,
/m/04_wyg,0,,,
/m/05lym9,0,,,
/m/028z58,0,,,
/m/0nb69,0,,,
/m/04cw028,0,,,
/m/0n9zd,0,,,
/m/01glcz,0,,,
/m/05mg0z,0,,,
/m/0rf_s,0,,,
/m/0n9t3,0,,,
/m/0scz5,0,,,
/m/04gswcn,0,,,
/m/04ghtnk,0,,,
/m/0ds1z_7,0,,,
/m/01xs5x,0,,,
/m/021qlj,0,,,
/m/0d_m_,0,,,
/m/0_yx9,0,,,
/m/01523_,0,,,
/m/0by_dw,0,,,
/m/01z7rh,0,,,
/m/0pzpz,0,,,
/m/022bcf,0,,,
/m/026ztr,0,,,
/m/0261ngk,0,,,
/m/0_k0p,0,,,
/m/03g_3mk,0,,,
/m/041prm,0,,,
/m/0gxmj,0,,,
/m/043bjh,0,,,
/m/0n17n,0,,,
/m/0qy5v,0,,,
/m/01mg_y,0,,,
/m/0151rl,0,,,
/m/02xwtn,0,,,
/m/09gjmhf,0,,,
/m/05c17,0,,,
/m/08vljz,0,,,
/m/01rwf6,0,,,
/m/01mnd3,0,,,
/m/020797,0,,,
/m/0327rz,0,,,
/m/03yl1c,0,,,
/m/0gklx2,0,,,
/m/02b0fw,0,,,
/m/061mwt,0,,,
/m/02t_jn,0,,,
/m/0l0mk,0,,,
/m/0vrkz,0,,,
/m/0gyf1,0,,,
/m/02nhrw,0,,,
/m/018hr_,0,,,
/m/01_13nl,0,,,
/m/073k9h,0,,,
/m/0107f0,0,,,
/m/0vh33,0,,,
/m/0_32v,0,,,
/m/0xgpv,0,,,
/m/01505k,0,,,
/m/013m4v,0,,,
/m/0xm16,0,,,
/m/05zws5,0,,,
/m/0f9fw8,0,,,
/m/03znf1,0,,,
/m/03kkvz,0,,,
/m/021j38,0,,,
/m/02bqbz,0,,,
/m/01z8gp,0,,,
/m/0dh_tl,0,,,
/m/08bzg_,0,,,
/m/0g6m52,0,,,
/m/054x0s,0,,,
/m/021hkl,0,,,
/m/0250b0,0,,,
/m/01291q,0,,,
/m/03b_94,0,,,
/m/01084_,0,,,
/m/020r30,0,,,
/m/0d851,0,,,
/m/020g9r,0,,,
/m/0290rb,0,,,
/m/0fs0b,0,,,
/m/0d33th,0,,,
/m/030y9m,0,,,
/m/024mlm,0,,,
/m/0r2kh,0,,,
/m/05y83c,0,,,
/m/01pbb9,0,,,
/m/078l6b,0,,,
/m/0rfrc,0,,,
/m/02qykd1,0,,,
/m/0gl87l,0,,,
/m/0kv6n,0,,,
/m/0__st,0,,,
/m/0g6xf0,0,,,
/m/03hh749,0,,,
/m/01zfvg,0,,,
/m/0dlw0,0,,,
/m/0xnvx,0,,,
/m/017ptp,0,,,
/m/0lzp,0,,,
/m/087xw4,0,,,
/m/0wvc4,0,,,
/m/028c34q,0,,,
/m/01bkyg,0,,,
/m/01ptlk,0,,,
/m/0cm7x9k,0,,,
/m/0gjft9,0,,,
/m/0r38p,0,,,
/m/0462_sl,0,,,
/m/03mh972,0,,,
/m/05x30m,0,,,
/m/0586yj,0,,,
/m/0lg0r,0,,,
/m/0mwds,0,,,
/m/0mn9j,0,,,
/m/011m6r,0,,,
/m/07plgy,0,,,
/m/0_lxn,0,,,
/m/010775,0,,,
/m/08y_xn,0,,,
/m/010pkq,0,,,
/m/0844gq,0,,,
/m/05866t,0,,,
/m/0tz01,0,,,
/m/02qghrq,0,,,
/m/027wl5b,0,,,
/m/010fqd,0,,,
/m/011q1g,0,,,
/m/0ty91,0,,,
/m/03nvjp_,0,,,
/m/013bbf,0,,,
/m/026bzz4,0,,,
/m/0gjksl,0,,,
/m/0gj9fy8,0,,,
/m/03jmb8,0,,,
/m/07hyq_,0,,,
/m/016d7r,0,,,
/m/0159r9,0,,,
/m/01mdhg,0,,,
/m/01l9vr,0,,,
/m/01c8n5,0,,,
/m/0pc7r,0,,,
/m/068jkl,0,,,
/m/027hqcm,0,,,
/m/0jpkg,0,,,
/m/052_l5,0,,,
/m/06v091,0,,,
/m/028y6y,0,,,
/m/0yvt4,0,,,
/m/0gzdzh,0,,,
/m/01pr7d,0,,,
/m/0dz2pb,0,,,
/m/0bz3_h,0,,,
/m/0p5ld,0,,,
/m/03hjktc,0,,,
/m/05n4n_,0,,,
/m/0dl2h8,0,,,
/m/0mwp2,0,,,
/m/0ftwd9,0,,,
/m/0xkqj,0,,,
/m/04t5x_,0,,,
/m/013n2w,0,,,
/m/0h4qc,0,,,
/m/02cclk,0,,,
/m/09gm2bf,0,,,
/m/022mtn,0,,,
/m/05c3871,0,,,
/m/081yw,0,,,
/m/0161c,0,,,
/m/04s6bn,0,,,
/m/0rp_m,0,,,
/m/01wmwg,0,,,
/m/02wp8f,0,,,
/m/02rff2,0,,,
/m/03b5jl,0,,,
/m/0md1m,0,,,
/m/03r3fv,0,,,
/m/0xzwp,0,,,
/m/09p4h1,0,,,
/m/01z215,0,,,
/m/028_0l,0,,,
/m/06sb4x,0,,,
/m/0s0pz,0,,,
/m/02n0ys,0,,,
/m/0ftxc,0,,,
/m/0j3lq,0,,,
/m/0bp4d1,0,,,
/m/02qh94,0,,,
/m/0fljp,0,,,
/m/03zvt4,0,,,
/m/017zvr,0,,,
/m/06j62c,0,,,
/m/018k8r,0,,,
/m/0g8g6,0,,,
/m/0fqyc,0,,,
/m/0gjz57,0,,,
/m/0g4m05,0,,,
/m/0gb2c3,0,,,
/m/0fvj4t,0,,,
/m/0b1nv7,0,,,
/m/0y6s5,0,,,
/m/03y8dy,0,,,
/m/01psby,0,,,
/m/0fr5p,0,,,
/m/0xq2b,0,,,
/m/0zrwk,0,,,
/m/0dm8gb,0,,,
/m/0ncqn,0,,,
/m/02633t3,0,,,
/m/017p6k,0,,,
/m/03hq_t,0,,,
/m/054kjw,0,,,
/m/07vq0l,0,,,
/m/02vz_0_,0,,,
/m/0v4sx,0,,,
/m/022m7b,0,,,
/m/0ds2xjw,0,,,
/m/0185vx,0,,,
/m/05s_qz6,0,,,
/m/0g7yd,0,,,
/m/0ghd4t,0,,,
/m/01shkv,0,,,
/m/0g8pcq,0,,,
/m/04rlt4,0,,,
/m/070z3v,0,,,
/m/02p0b1,0,,,
/m/0tj03,0,,,
/m/09rdh,0,,,
/m/01zrtd,0,,,
/m/0gjhvx,0,,,
/m/065mqb,0,,,
/m/04v6v,0,,,
/m/01vqq1,0,,,
/m/0gp5sj,0,,,
/m/04jrkf,0,,,
/m/09gy3s,0,,,
/m/0w0md,0,,,
/m/0fqr11,0,,,
/m/0186ry,0,,,
/m/043x77,0,,,
/m/0c769z,0,,,
/m/0f66wv,0,,,
/m/0r0tz,0,,,
/m/0xf3_,0,,,
/m/06npd,0,,,
/m/0vbk,0,,,
/m/0smdy,0,,,
/m/01hg0j,0,,,
/m/02ttyh,0,,,
/m/0r_w6,0,,,
/m/06j775,0,,,
/m/050rh9,0,,,
/m/058lp4,0,,,
/m/07tg4,0,,,
/m/041mcb,0,,,
/m/0rhzb,0,,,
/m/0mpgp,0,,,
/m/026km0n,0,,,
/m/021rp6,0,,,
/m/0zr76,0,,,
/m/020btq,0,,,
/m/010v8k,0,,,
/m/03xz__,0,,,
/m/0dgrzf_,0,,,
/m/02z99g4,0,,,
/m/0tj7p,0,,,
/m/031fcj,0,,,
/m/0hvc8,0,,,
/m/05kyr,0,,,
/m/0fqr5bt,0,,,
/m/06xfvf,0,,,
/m/068sf7,0,,,
/m/0tt0b,0,,,
/m/03pjmc,0,,,
/m/09jcb8,0,,,
/m/0mq53,0,,,
/m/028f4l,0,,,
/m/0xr0t,0,,,
/m/063j7m,0,,,
/m/010p2s,0,,,
/m/0g8lsf,0,,,
/m/03h5cn7,0,,,
/m/0y_fm,0,,,
/m/03cvbmr,0,,,
/m/04vzlp,0,,,
/m/0_mzy,0,,,
/m/0rf08,0,,,
/m/01qhhz,0,,,
/m/01_42b,0,,,
/m/04bk51,0,,,
/m/05_sr9,0,,,
/m/05c5z4s,0,,,
/m/0jx1h,0,,,
/m/0g3bc,0,,,
/m/0hm03,0,,,
/m/0tvs7,0,,,
/m/0951dv,0,,,
/m/02j_7h,0,,,
/m/0ytg3,0,,,
/m/0ykhp,0,,,
/m/0cb4j,0,,,
/m/01bl0v,0,,,
/m/058b5j,0,,,
/m/01_q7h,0,,,
/m/0ffyv4,0,,,
/m/0sntl,0,,,
/m/01k1tc,0,,,
/m/0n95h,0,,,
/m/0100b5,0,,,
/m/090q2b,0,,,
/m/01fknt,0,,,
/m/0l2k7,0,,,
/m/03g_59j,0,,,
/m/039yz2,0,,,
/m/03nv_7,0,,,
/m/022t7n,0,,,
/m/05k9lw,0,,,
/m/02td2x,0,,,
/m/01_k_c,0,,,
/m/036ww3,0,,,
/m/01km6_,0,,,
/m/0zpfy,0,,,
/m/026lt7k,0,,,
/m/06nmkx,0,,,
/m/0s6ns,0,,,
/m/0rg2_,0,,,
/m/0ftns,0,,,
/m/0hn6rnc,0,,,
/m/02296f,0,,,
/m/0tgsf,0,,,
/m/07ypt,0,,,
/m/02nsr6,0,,,
/m/018khw,0,,,
/m/0f2f3k,0,,,
/m/0nncj,0,,,
/m/06qrc3,0,,,
/m/0j1_3,0,,,
/m/0fk4c7,0,,,
/m/0tn9j,0,,,
/m/0x2zq,0,,,
/m/0cfrs,0,,,
/m/03gqy2,0,,,
/m/01m60x,0,,,
/m/018dmn,0,,,
/m/01psqx,0,,,
/m/0ch3rtq,0,,,
/m/021pbc,0,,,
/m/0dg_m1,0,,,
/m/022945,0,,,
/m/02ww0b,0,,,
/m/0glv9k,0,,,
/m/09xjj9,0,,,
/m/09cpb,0,,,
/m/025szcn,0,,,
/m/01p4__,0,,,
/m/03m42r0,0,,,
/m/0vf23,0,,,
/m/028m6n,0,,,
/m/021cjp,0,,,
/m/0ybkj,0,,,
/m/0chgsm,0,,,
/m/01mgfy,0,,,
/m/02z26lc,0,,,
/m/0fvf9,0,,,
/m/0_fv1,0,,,
/m/03rsyh,0,,,
/m/0803m3,0,,,
/m/01r7ct,0,,,
/m/0tqvr,0,,,
/m/025szl5,0,,,
/m/02b84b,0,,,
/m/010y_t,0,,,
/m/0mkmc,0,,,
/m/09bmvb,0,,,
/m/0q65t,0,,,
/m/02bxrw,0,,,
/m/014npb,0,,,
/m/0_03p,0,,,
/m/01hdpp,0,,,
/m/034xxr,0,,,
/m/01vx3m,0,,,
/m/0293_c,0,,,
/m/01z56h,0,,,
/m/03zwdm,0,,,
/m/0rzp1,0,,,
/m/042mdn,0,,,
/m/027kzc4,0,,,
/m/0_6nf,0,,,
/m/0gr8xd,0,,,
/m/0xcdf,0,,,
/m/0fk98,0,,,
/m/0115_1,0,,,
/m/01s_zn,0,,,
/m/07kmxk,0,,,
/m/02cn12,0,,,
/m/0wptj,0,,,
/m/0xpzj,0,,,
/m/0t_1r,0,,,
/m/06pl5,0,,,
/m/0dtx7,0,,,
/m/0h3lt,0,,,
/m/06r1pq,0,,,
/m/07k9s4,0,,,
/m/0fn13,0,,,
/m/03k3fk,0,,,
/m/02r37fv,0,,,
/m/0zj42,0,,,
/m/01z2vx,0,,,
/m/06l3q9,0,,,
/m/0j8d_,0,,,
/m/0y41t,0,,,
/m/03l5m1,0,,,
/m/0302hx,0,,,
/m/0rzx_,0,,,
/m/03lrc,0,,,
/m/0275wy,0,,,
/m/070z0r,0,,,
/m/0tqv1,0,,,
/m/024mqz,0,,,
/m/013crh,0,,,
/m/01nqn_,0,,,
/m/03xrr8,0,,,
/m/0xl08,0,,,
/m/0rdcq,0,,,
/m/076t82g,0,,,
/m/0bfykz,0,,,
/m/0bdy7z,0,,,
/m/048sd9,0,,,
/m/050l8,0,,,
/m/0pmyq,0,,,
/m/018b56,0,,,
/m/0yk2_,0,,,
/m/07tp2,0,,,
/m/0fr61,0,,,
/m/0vz9_,0,,,
/m/0r172,0,,,
/m/0tx9y,0,,,
/m/0qsdj,0,,,
/m/02_lv4,0,,,
/m/03t1dv,0,,,
/m/03zmw1,0,,,
/m/01j_fj,0,,,
/m/0k6dx,0,,,
/m/0161jj,0,,,
/m/0m2mk,0,,,
/m/0xffn,0,,,
/m/010mj7,0,,,
/m/01q9bq,0,,,
/m/02t3_x,0,,,
/m/0s3pw,0,,,
/m/0g9k4,0,,,
/m/08g8xd,0,,,
/m/0277hcm,0,,,
/m/02rnn3l,0,,,
/m/05sx7q,0,,,
/m/02rkd4r,0,,,
/m/04lpkr,0,,,
/m/01ps7z,0,,,
/m/0ykg_,0,,,
/m/0ghh8j,0,,,
/m/07m1br,0,,,
/m/018m98,0,,,
/m/020mjt,0,,,
/m/013lhf,0,,,
/m/04gqhtc,0,,,
/m/02ksmq,0,,,
/m/0g58p1p,0,,,
/m/02rmyn,0,,,
/m/0tlbz,0,,,
/m/0q63c,0,,,
/m/026_xhy,0,,,
/m/0fnz8,0,,,
/m/09bg8z,0,,,
/m/0dzxzj,0,,,
/m/0ftld,0,,,
/m/01m9dq,0,,,
/m/041475s,0,,,
/m/05w5r2,0,,,
/m/0rsf8,0,,,
/m/020w1_,0,,,
/m/0370ff,0,,,
/m/013w0n,0,,,
/m/0w0l_,0,,,
/m/0d0wt,0,,,
/m/08d6xc,0,,,
/m/02hqkj,0,,,
/m/02p3gc6,0,,,
/m/02k_px,0,,,
/m/0nn6_,0,,,
/m/09qp4r,0,,,
/m/0415_h2,0,,,
/m/0g8t49,0,,,
/m/0_ty4,0,,,
/m/0yjl8,0,,,
/m/09pjhw,0,,,
/m/0fqbf,0,,,
/m/0rgbq,0,,,
/m/0pkxt,0,,,
/m/04yd07_,0,,,
/m/03cj1z,0,,,
/m/0xgb1,0,,,
/m/0693kc,0,,,
/m/04yfrg,0,,,
/m/0_swz,0,,,
/m/0dg6yx,0,,,
/m/0yb7w,0,,,
/m/05d49,0,,,
/m/0gffc8,0,,,
/m/04rzzk,0,,,
/m/024_4d,0,,,
/m/05cqm,0,,,
/m/01569g,0,,,
/m/01xk6b,0,,,
/m/0hbbx,0,,,
/m/023qkf,0,,,
/m/0fm88,0,,,
/m/0188d1,0,,,
/m/06b90k,0,,,
/m/059j2,0,,,
/m/05vd5,0,,,
/m/0mnmj,0,,,
/m/01_hhp,0,,,
/m/0dg3n1,0,,,
/m/01ppq,0,,,
/m/01qcx_,0,,,
/m/010ky,0,,,
/m/0kygv,0,,,
/m/04p2g0,0,,,
/m/02686rd,0,,,
/m/02q8grf,0,,,
/m/04tm12,0,,,
/m/04342q,0,,,
/m/0tnj1,0,,,
/m/0167v,0,,,
/m/052bn_,0,,,
/m/03gpkg,0,,,
/m/04jkkt8,0,,,
/m/0r5wt,0,,,
/m/06l8cj,0,,,
/m/0n9hn,0,,,
/m/05_n2k,0,,,
/m/04l1ft,0,,,
/m/0545wq,0,,,
/m/0f5_yl,0,,,
/m/02qfxnd,0,,,
/m/07f0x50,0,,,
/m/01n_v_7,0,,,
/m/0q78q,0,,,
/m/0z2lx,0,,,
/m/05q7fj6,0,,,
/m/0c9zpd,0,,,
/m/0mpf_,0,,,
/m/03nljq4,0,,,
/m/0b519s,0,,,
/m/04y1yd,0,,,
/m/013h1c,0,,,
/m/042js3,0,,,
/m/09d4_,0,,,
/m/0g_cg_,0,,,
/m/078nhf,0,,,
/m/07k8q0y,0,,,
/m/03q_kq,0,,,
/m/0mxs8,0,,,
/m/0pbgk,0,,,
/m/03g_jsb,0,,,
/m/0mts3,0,,,
/m/0tdpf,0,,,
/m/07qp98,0,,,
/m/0yxg6,0,,,
/m/05pnt9,0,,,
/m/0sb34,0,,,
/m/0b8486,0,,,
/m/0bzf4m,0,,,
/m/0bkvrp,0,,,
/m/04gzw2,0,,,
/m/018r3w,0,,,
/m/0c9bm5,0,,,
/m/01cy_,0,,,
/m/02y66t,0,,,
/m/0xhmb,0,,,
/m/01_7bw,0,,,
/m/0mwyq,0,,,
/m/0135k2,0,,,
/m/017g08,0,,,
/m/0y5rk,0,,,
/m/02775bv,0,,,
/m/04436r,0,,,
/m/02z7cd7,0,,,
/m/0drsm,0,,,
/m/03cpz8j,0,,,
/m/01q22m,0,,,
/m/0cq5jx,0,,,
/m/09gxkt,0,,,
/m/06zzzk,0,,,
/m/036s1r,0,,,
/m/03h4r7q,0,,,
/m/04mqhs,0,,,
/m/05mw7my,0,,,
/m/013gv7,0,,,
/m/0b1hrh,0,,,
/m/022yk_,0,,,
/m/04qsl5,0,,,
/m/0fw1y,0,,,
/m/0drhsx,0,,,
/m/0przs,0,,,
/m/03qf6rq,0,,,
/m/041kh_,0,,,
/m/01d3ns,0,,,
/m/0wb5t,0,,,
/m/013k26,0,,,
/m/080jt9l,0,,,
/m/06xfkh,0,,,
/m/0169t,0,,,
/m/0273mk,0,,,
/m/04jl32c,0,,,
/m/02v25m,0,,,
/m/025rst1,0,,,
/m/02bqy,0,,,
/m/04xtgq,0,,,
/m/03l6m0,0,,,
/m/05pb_h,0,,,
/m/0b004q,0,,,
/m/02ph_q5,0,,,
/m/03jbh_,0,,,
/m/0c5nv,0,,,
/m/0h1nv0,0,,,
/m/0fkpry,0,,,
/m/02n4mk,0,,,
/m/02h6t1,0,,,
/m/04c1p6,0,,,
/m/016zmj,0,,,
/m/05whpp,0,,,
/m/01dx5j,0,,,
/m/02kx3,0,,,
/m/020bn6,0,,,
/m/0h1lf,0,,,
/m/05wwlf,0,,,
/m/014f2r,0,,,
/m/029my7,0,,,
/m/0b24qn,0,,,
/m/010kln,0,,,
/m/0k18k,0,,,
/m/0_0pn,0,,,
/m/07vk2,0,,,
/m/040x6x,0,,,
/m/01ycw7,0,,,
/m/0g8d6z,0,,,
/m/0dzz_,0,,,
/m/03c4bcq,0,,,
/m/029x_y,0,,,
/m/08yrqs,0,,,
/m/01m1z4,0,,,
/m/01tdvx,0,,,
/m/0cm_5x,0,,,
/m/0s59c,0,,,
/m/03qmf58,0,,,
/m/020sps3,0,,,
/m/0y3fj,0,,,
/m/0990m2,0,,,
/m/05wnqw,0,,,
/m/038m5g,0,,,
/m/0mlv0,0,,,
/m/09pm9,0,,,
/m/0gk0th,0,,,
/m/05kvh_,0,,,
/m/0nzw2,0,,,
/m/08v8jl,0,,,
/m/0h6x8,0,,,
/m/02l12q,0,,,
/m/05m70z,0,,,
/m/0255md,0,,,
/m/07gfc,0,,,
/m/09_9jt,0,,,
/m/02jsr9,0,,,
/m/01g3b2,0,,,
/m/03x3l,0,,,
/m/02kfnm,0,,,
/m/04pjgh,0,,,
/m/0zw8f,0,,,
/m/01zjsc,0,,,
/m/01f4wx,0,,,
/m/0nmj,0,,,
/m/01zxzv8,0,,,
/m/01lnyf,0,,,
/m/03jyb3,0,,,
/m/024n53,0,,,
/m/08nt20,0,,,
/m/01mcrw,0,,,
/m/03d1q9s,0,,,
/m/099ty,0,,,
/m/03zv2t,0,,,
/m/0bwc39n,0,,,
/m/0446jf,0,,,
/m/035tvf,0,,,
/m/01z92f,0,,,
/m/020m8cp,0,,,
/m/07pqgk,0,,,
/m/02jbbv,0,,,
/m/0h_f741,0,,,
/m/0fs54,0,,,
/m/06s_2,0,,,
/m/0h3y,0,,,
/m/02wb3hb,0,,,
/m/07tkpb,0,,,
/m/01ksrj,0,,,
/m/0_nqb,0,,,
/m/0xhj2,0,,,
/m/0rycb,0,,,
/m/02tzdt,0,,,
/m/0qk5vl,0,,,
/m/0pbhj,0,,,
/m/03npcnd,0,,,
/m/064k0nh,0,,,
/m/0fs29,0,,,
/m/08ypbw,0,,,
/m/0sn3r,0,,,
/m/01tb9j,0,,,
/m/05lbld,0,,,
/m/05zl0,0,,,
/m/0tjc3,0,,,
/m/0cc3d,0,,,
/m/013d6d,0,,,
/m/02bb_4,0,,,
/m/02zd_x,0,,,
/m/02gn1x,0,,,
/m/025vhj,0,,,
/m/0sgxg,0,,,
/m/051ls,0,,,
/m/04nsy,0,,,
/m/02k6vx,0,,,
/m/0cq4p4,0,,,
/m/0h5s27,0,,,
/m/0gprfk,0,,,
/m/0tr6h,0,,,
/m/01_4n4,0,,,
/m/0g095,0,,,
/m/014859,0,,,
/m/0n2_8,0,,,
/m/0bgdjf,0,,,
/m/0npb5,0,,,
/m/0s5tn,0,,,
/m/0nbn9,0,,,
/m/0r8c8,0,,,
/m/092knf,0,,,
/m/0z20d,0,,,
/m/09k75s,0,,,
/m/02l6l8,0,,,
/m/05zss5b,0,,,
/m/0b9gbc,0,,,
/m/05yvrv,0,,,
/m/02632kl,0,,,
/m/02zbb4t,0,,,
/m/04gmxdh,0,,,
/m/031frh,0,,,
/m/07bqb3,0,,,
/m/0v060,0,,,
/m/0hqkg,0,,,
/m/01_gd,0,,,
/m/01mkz1,0,,,
/m/06_7cg,0,,,
/m/0_q7p,0,,,
/m/02423k,0,,,
/m/03_4mr,0,,,
/m/08r_1x,0,,,
/m/0512n6,0,,,
/m/07k7k8,0,,,
/m/07bcfl,0,,,
/m/02tg7b,0,,,
/m/0p9z5,0,,,
/m/059lc7,0,,,
/m/02rrsrs,0,,,
/m/010wfd,0,,,
/m/0ycbp,0,,,
/m/0y0kv,0,,,
/m/04zt67,0,,,
/m/0w1f5,0,,,
/m/0ws0h,0,,,
/m/04wpy0,0,,,
/m/01ktqn,0,,,
/m/0fc17,0,,,
/m/05g3_c,0,,,
/m/02vpbt,0,,,
/m/0cmc634,0,,,
/m/0bnp7b,0,,,
/m/05b08k9,0,,,
/m/03nn53_,0,,,
/m/0gm4yp,0,,,
/m/0tl1y,0,,,
/m/06zntw,0,,,
/m/02gmw6,0,,,
/m/02dw2t,0,,,
/m/0cfcgz,0,,,
/m/0_tvd,0,,,
/m/05ps0t,0,,,
/m/0y5_j,0,,,
/m/016yl7,0,,,
/m/02lm8k,0,,,
/m/017n9_,0,,,
/m/03gxw6,0,,,
/m/01m228,0,,,
/m/05vx_x,0,,,
/m/0r4_9,0,,,
/m/0gxypyr,0,,,
/m/0nmpx,0,,,
/m/01c7vt,0,,,
/m/014q_6,0,,,
/m/0nc8j,0,,,
/m/04fdhs,0,,,
/m/0b5rml,0,,,
/m/05n4yy,0,,,
/m/0563y5,0,,,
/m/04zgvn,0,,,
/m/03c8yn,0,,,
/m/0zk9d,0,,,
/m/02bpy_,0,,,
/m/0c4s9q,0,,,
/m/0cc1v,0,,,
/m/0c9cw,0,,,
/m/05wxkb,0,,,
/m/03d7qp0,0,,,
/m/013kr5,0,,,
/m/08x2xq,0,,,
/m/02g2jq,0,,,
/m/02wmsj,0,,,
/m/08nf37,0,,,
/m/08tjd3,0,,,
/m/0469v3,0,,,
/m/0yh74,0,,,
/m/0ggb04y,0,,,
/m/04jmxlx,0,,,
/m/01m8cs,0,,,
/m/03b_c6w,0,,,
/m/0g98h_,0,,,
/m/0snqf,0,,,
/m/0tybt,0,,,
/m/03gbgq,0,,,
/m/01l4sm,0,,,
/m/0ny95,0,,,
/m/0xkh0,0,,,
/m/02rcyjh,0,,,
/m/09vzz,0,,,
/m/05gysx,0,,,
/m/05nyy6,0,,,
/m/06kbcp,0,,,
/m/013d7t,0,,,
/m/05c0gv,0,,,
/m/04pry,0,,,
/m/0ps1q,0,,,
/m/0xf4p,0,,,
/m/03c4kz,0,,,
/m/066cgf,0,,,
/m/0xn7b,0,,,
/m/0ccxml,0,,,
/m/080kvcx,0,,,
/m/04f4_v9,0,,,
/m/02759w4,0,,,
/m/02f479,0,,,
/m/01mbmm,0,,,
/m/0rg87,0,,,
/m/0nn83,0,,,
/m/04q9h1,0,,,
/m/0ncx1,0,,,
/m/0yc2y,0,,,
/m/01jqj,0,,,
/m/02_zsj,0,,,
/m/0zmcy,0,,,
/m/04g2hhm,0,,,
/m/04_f6k,0,,,
/m/027wvb,0,,,
/m/028w_b,0,,,
/m/03c3ldw,0,,,
/m/0277bd,0,,,
/m/017_0r,0,,,
/m/05c298x,0,,,
/m/0gypnc0,0,,,
/m/0smfm,0,,,
/m/02gprr,0,,,
/m/02bkk3,0,,,
/m/0gp70r,0,,,
/m/0bl598,0,,,
/m/0gk0y5,0,,,
/m/06hwq6,0,,,
/m/01qtj9,0,,,
/m/0gqfy,0,,,
/m/04gsqwr,0,,,
/m/0310dp,0,,,
/m/021jjq,0,,,
/m/05dwk_,0,,,
/m/09gjzr,0,,,
/m/0tpm7,0,,,
/m/018w10,0,,,
/m/01g8fr,0,,,
/m/06mb4l,0,,,
/m/0tnkg,0,,,
/m/04cv005,0,,,
/m/0y_fz,0,,,
/m/01wl_t,0,,,
/m/0t7yf,0,,,
/m/0gts51f,0,,,
/m/06g0kp,0,,,
/m/0cnndx,0,,,
/m/02x_qq,0,,,
/m/0kt0w,0,,,
/m/0w073,0,,,
/m/0mwq7,0,,,
/m/042bl1,0,,,
/m/01n13b,0,,,
/m/026kpgq,0,,,
/m/02qt89g,0,,,
/m/0xmp9,0,,,
/m/01wrjw,0,,,
/m/0t7s7,0,,,
/m/09mvx6,0,,,
/m/0r40r,0,,,
/m/0cnz6w2,0,,,
/m/02zgp8,0,,,
/m/017f_s,0,,,
/m/0sk23,0,,,
/m/0y2r9,0,,,
/m/03n9z9,0,,,
/m/0cvd0,0,,,
/m/0g_934,0,,,
/m/08w0qy,0,,,
/m/0wymq,0,,,
/m/03czz6w,0,,,
/m/0_z91,0,,,
/m/0b46s,0,,,
/m/0_j4g,0,,,
/m/016yh7,0,,,
/m/0qc3r,0,,,
/m/09322q,0,,,
/m/06h0km,0,,,
/m/0mwvb,0,,,
/m/0wx1z,0,,,
/m/0_nyx,0,,,
/m/05vy30,0,,,
/m/0jt1wv6,0,,,
/m/0_483,0,,,
/m/0dv8mh,0,,,
/m/017v_,0,,,
/m/0dt_6,0,,,
/m/02zv5r,0,,,
/m/072yv3,0,,,
/m/0jx51,0,,,
/m/03x9mx,0,,,
/m/03mctpr,0,,,
/m/061wpt,0,,,
/m/0gpgs1,0,,,
/m/03qffy0,0,,,
/m/01669t,0,,,
/m/01r3s5,0,,,
/m/0ckcn0,0,,,
/m/05xnbd,0,,,
/m/018bv5,0,,,
/m/0ntj0,0,,,
/m/018ck9,0,,,
/m/044vtg,0,,,
/m/0_m1t,0,,,
/m/01x1k,0,,,
/m/0c2nr7,0,,,
/m/02c_fv,0,,,
/m/03nvfz,0,,,
/m/01jssp,0,,,
/m/0_jq4,0,,,
/m/022nps,0,,,
/m/03cpjpr,0,,,
/m/0w9hk,0,,,
/m/0dg9c0,0,,,
/m/01l53f,0,,,
/m/012sys,0,,,
/m/0rw2x,0,,,
/m/0fs2t,0,,,
/m/0q8s4,0,,,
/m/06m1c_,0,,,
/m/0t_gw,0,,,
/m/0_f47,0,,,
/m/0dlmhz,0,,,
/m/0wzwp,0,,,
/m/02zth0,0,,,
/m/038wfq,0,,,
/m/02_yr5,0,,,
/m/015gr,0,,,
/m/0g5rzjc,0,,,
/m/05b4jl8,0,,,
/m/0284nzx,0,,,
/m/021kp3s,0,,,
/m/0yytf,0,,,
/m/019xrv,0,,,
/m/02ss6x,0,,,
/m/0p5jg,0,,,
/m/02cnsv,0,,,
/m/04x7v6,0,,,
/m/0n5bk,0,,,
/m/0nb39,0,,,
/m/0n150,0,,,
/m/0_sgh,0,,,
/m/01f1r4,0,,,
/m/0snty,0,,,
/m/01glps,0,,,
/m/0_vfb,0,,,
/m/03m9pn,0,,,
/m/02770l4,0,,,
/m/04chs7,0,,,
/m/0r0c8,0,,,
/m/01dlx1,0,,,
/m/04jg2hd,0,,,
/m/04n13x9,0,,,
/m/07lly,0,,,
/m/0b8g8b,0,,,
/m/064p_xg,0,,,
/m/0jtf1,0,,,
/m/058b2f,0,,,
/m/010x7t,0,,,
/m/07fb9p,0,,,
/m/0bwdglt,0,,,
/m/0145__,0,,,
/m/0c3qw7,0,,,
/m/0r0mn,0,,,
/m/0dkwn,0,,,
/m/02gxkg,0,,,
/m/019y8y,0,,,
/m/0427pc,0,,,
/m/02k8k,0,,,
/m/037vkk,0,,,
/m/0bkr3,0,,,
/m/01z0tk,0,,,
/m/05wwn4,0,,,
/m/0nt_6,0,,,
/m/023x6s,0,,,
/m/02q_qp2,0,,,
/m/01glrl,0,,,
/m/07lsw1,0,,,
/m/0nlcn,0,,,
/m/0ml5k,0,,,
/m/07zrw9,0,,,
/m/0d21jf,0,,,
/m/0rs_c,0,,,
/m/0mndw,0,,,
/m/0qbj0,0,,,
/m/02xkdj,0,,,
/m/02y38b,0,,,
/m/0804zbl,0,,,
/m/0fplv,0,,,
/m/084zy_,0,,,
/m/05ww8_,0,,,
/m/02fdqr,0,,,
/m/0l4jd,0,,,
/m/0cz4lg,0,,,
/m/04fqn8,0,,,
/m/02z0_f4,0,,,
/m/0cyvwx,0,,,
/m/0ld4v,0,,,
/m/048y4t,0,,,
/m/02vyj9,0,,,
/m/01gb_p,0,,,
/m/0yjty,0,,,
/m/02z7cbw,0,,,
/m/013t_g,0,,,
/m/035wpv,0,,,
/m/0xg3b,0,,,
/m/06qd3,0,,,
/m/047lj,0,,,
/m/07q3j6,0,,,
/m/05wnj6,0,,,
/m/0k1v0,0,,,
/m/09wy1,0,,,
/m/02j9ck,0,,,
/m/0_wnb,0,,,
/m/0zk3x,0,,,
/m/02cb66,0,,,
/m/01tl2q,0,,,
/m/0803mg,0,,,
/m/02khjq,0,,,
/m/09dbn0,0,,,
/m/08zk54,0,,,
/m/02l0c9,0,,,
/m/0zlgm,0,,,
/m/0skft,0,,,
/m/0q74c,0,,,
/m/0nbhl,0,,,
/m/051404,0,,,
/m/0qvrv,0,,,
/m/0d51lv,0,,,
/m/0193r0,0,,,
/m/02l2q2,0,,,
/m/02v66n,0,,,
/m/014h7j,0,,,
/m/03hjtd,0,,,
/m/048zmp,0,,,
/m/0rkkv,0,,,
/m/04s6c0,0,,,
/m/03__1p,0,,,
/m/05b540,0,,,
/m/0jrv7,0,,,
/m/0fxn92,0,,,
/m/0mn7p,0,,,
/m/0505k3,0,,,
/m/0dnntf,0,,,
/m/0d138g,0,,,
/m/0_fpx,0,,,
/m/0mh9x5,0,,,
/m/0w0cw,0,,,
/m/0251hs,0,,,
/m/0xt0t,0,,,
/m/0nycp,0,,,
/m/0g8_j8,0,,,
/m/01mjq,0,,,
/m/058k_p,0,,,
/m/03sd40,0,,,
/m/01tjpx,0,,,
/m/0xn84,0,,,
/m/0nbt9,0,,,
/m/0cfk00,0,,,
/m/0frl8_,0,,,
/m/088zdr,0,,,
/m/03cggdp,0,,,
/m/03c_642,0,,,
/m/013lmb,0,,,
/m/03_13k,0,,,
/m/06qccj,0,,,
/m/020v134,0,,,
/m/026z49_,0,,,
/m/06x9f,0,,,
/m/02lhrx,0,,,
/m/022bxr,0,,,
/m/0chpl8,0,,,
/m/03zvyp,0,,,
/m/0196y3,0,,,
/m/0c59j,0,,,
/m/018rdq,0,,,
/m/09rsq80,0,,,
/m/02nf_k,0,,,
/m/0blw8z,0,,,
/m/04p1pt,0,,,
/m/0mw89,0,,,
/m/05cgv,0,,,
/m/01m28k,0,,,
/m/02pmh7x,0,,,
/m/0d0vv,0,,,
/m/04tq52,0,,,
/m/0zyjs,0,,,
/m/02tctj,0,,,
/m/01cwr2,0,,,
/m/0_sv7,0,,,
/m/0b51mx,0,,,
/m/0569xc,0,,,
/m/0bpkwc,0,,,
/m/07_vx0,0,,,
/m/02z1c5,0,,,
/m/017zr8,0,,,
/m/03zv3n,0,,,
/m/04n2cnw,0,,,
/m/0s9st,0,,,
/m/036hzc,0,,,
/m/04zntm,0,,,
/m/04r4w,0,,,
/m/01z6bq,0,,,
/m/0451tr,0,,,
/m/03fhnq,0,,,
/m/0w8m0,0,,,
/m/01wq9b,0,,,
/m/08_2cn,0,,,
/m/02z8q3,0,,,
/m/0t570,0,,,
/m/0yg9r,0,,,
/m/071w3q,0,,,
/m/02p3hlx,0,,,
/m/02x72t4,0,,,
/m/05cjh8,0,,,
/m/014lpb,0,,,
/m/03276d,0,,,
/m/010wxf,0,,,
/m/020_6l,0,,,
/m/0_2r4,0,,,
/m/04yg8gj,0,,,
/m/09dfcj,0,,,
/m/015cj9,0,,,
/m/0kzsc,0,,,
/m/01rq3q,0,,,
/m/0j8ln,0,,,
/m/0dl3g,0,,,
/m/06psyf,0,,,
/m/044s5_,0,,,
/m/0slv7,0,,,
/m/094gv9,0,,,
/m/0c7f7,0,,,
/m/02lb6x,0,,,
/m/07j93k,0,,,
/m/0cw4l,0,,,
/m/071fxr,0,,,
/m/0cv3w,0,,,
/m/09tz_3,0,,,
/m/03qf_5m,0,,,
/m/013517,0,,,
/m/0dl2g,0,,,
/m/025w1f4,0,,,
/m/09w3b1,0,,,
/m/04g1nkq,0,,,
/m/0ps2m,0,,,
/m/084jh7,0,,,
/m/09vc88,0,,,
/m/05kd0_,0,,,
/m/02fnm5,0,,,
/m/0vbls,0,,,
/m/07yjbn,0,,,
/m/05gvq3,0,,,
/m/0rf8z,0,,,
/m/091y49,0,,,
/m/03cnsj2,0,,,
/m/05b2k4j,0,,,
/m/02pyt53,0,,,
/m/042m4v,0,,,
/m/0fpq_0,0,,,
/m/0fdlg1,0,,,
/m/01n0bj,0,,,
/m/03cg9vk,0,,,
/m/0cdbq,0,,,
/m/0tyfk,0,,,
/m/0kzvr,0,,,
/m/064_v2,0,,,
/m/02zfn9,0,,,
/m/047sq2,0,,,
/m/09lxtg,0,,,
/m/0h12z0,0,,,
/m/0gxby,0,,,
/m/051488,0,,,
/m/0dy_3z,0,,,
/m/0sgws,0,,,
/m/02vfdt,0,,,
/m/08cr4j,0,,,
/m/0436j0,0,,,
/m/09d7kv,0,,,
/m/023r92,0,,,
/m/01l5qc,0,,,
/m/0146xw,0,,,
/m/0_w9x,0,,,
/m/01cfbw,0,,,
/m/01sjcp,0,,,
/m/01shj_,0,,,
/m/010cw1,0,,,
/m/01mngw,0,,,
/m/0nt6r,0,,,
/m/02q6ds,0,,,
/m/0g9ylk,0,,,
/m/01gc9t,0,,,
/m/0345_,0,,,
/m/0zxz9,0,,,
/m/04gq8jn,0,,,
/m/01wn08,0,,,
/m/027t65_,0,,,
/m/0yj9v,0,,,
/m/070rd,0,,,
/m/01m9gf,0,,,
/m/027gqzy,0,,,
/m/05xm7q,0,,,
/m/0294dq,0,,,
/m/049yf,0,,,
/m/04r5c,0,,,
/m/0q2kq,0,,,
/m/09gk97q,0,,,
/m/03mdlz,0,,,
/m/0gm0js,0,,,
/m/01v11f,0,,,
/m/02fn63,0,,,
/m/01t66l,0,,,
/m/01t9pg,0,,,
/m/076__b,0,,,
/m/03p7r,0,,,
/m/0nc1q,0,,,
/m/0s9b_,0,,,
/m/0gdtc0,0,,,
/m/054fc1,0,,,
/m/03nlzvh,0,,,
/m/02z9195,0,,,
/m/0203bz,0,,,
/m/080b6dp,0,,,
/m/01zkfd,0,,,
/m/020vvp,0,,,
/m/0ch54,0,,,
/m/018g83,0,,,
/m/0193mz,0,,,
/m/0h2sy,0,,,
/m/0fs0v,0,,,
/m/04ghb0c,0,,,
/m/06w2nn_,0,,,
/m/0m12_,0,,,
/m/01np92,0,,,
/m/011q7q,0,,,
/m/044mbs,0,,,
/m/02pv9l,0,,,
/m/0496mh,0,,,
/m/0ly4n,0,,,
/m/07lsf9,0,,,
/m/02nzyr,0,,,
/m/0xzp4,0,,,
/m/025sdsk,0,,,
/m/04dzgh,0,,,
/m/07c5sl,0,,,
/m/0fqg8,0,,,
/m/03__ww,0,,,
/m/0kzd9,0,,,
/m/05mpsf,0,,,
/m/0d04x,0,,,
/m/09rxx10,0,,,
/m/0ftms,0,,,
/m/0d9s5,0,,,
/m/05s6ry,0,,,
/m/03pf8f,0,,,
/m/03cvqc1,0,,,
/m/0_kq3,0,,,
/m/033lfj,0,,,
/m/05kj_,0,,,
/m/0b62jk,0,,,
/m/01810y,0,,,
/m/0dv9v,0,,,
/m/03rmfc,0,,,
/m/035p7h2,0,,,
/m/017vpf,0,,,
/m/0j2q7,0,,,
/m/027605,0,,,
/m/017nz7,0,,,
/m/03nrds0,0,,,
/m/027zr63,0,,,
/m/052zywh,0,,,
/m/043p19,0,,,
/m/0t0l2,0,,,
/m/01d8l,0,,,
/m/02n8jc,0,,,
/m/03s6bk,0,,,
/m/03wk0f,0,,,
/m/0xm93,0,,,
/m/0y937,0,,,
/m/0248q2,0,,,
/m/0204z1,0,,,
/m/0zjz0,0,,,
/m/0120lg,0,,,
/m/01p7rh,0,,,
/m/010z6p,0,,,
/m/0nbnn,0,,,
/m/04c1t,0,,,
/m/0pwzt,0,,,
/m/02wq5q,0,,,
/m/01m41_,0,,,
/m/02hx_b9,0,,,
/m/0v55b,0,,,
/m/0gwmf,0,,,
/m/0fb_1,0,,,
/m/0hndv4w,0,,,
/m/07_nw6,0,,,
/m/011j4l,0,,,
/m/05fv6s,0,,,
/m/043kl0,0,,,
/m/02qhxcg,0,,,
/m/02dvvr,0,,,
/m/010pf7,0,,,
/m/069m0v,0,,,
/m/0cymp,0,,,
/m/0416f3m,0,,,
/m/0j25s_1,0,,,
/m/03nwdqj,0,,,
/m/01fzrf,0,,,
/m/02m38q,0,,,
/m/0mn19,0,,,
/m/02c6ss,0,,,
/m/0d117,0,,,
/m/03t2c9,0,,,
/m/0jxh9,0,,,
/m/01_c_6,0,,,
/m/03m96v5,0,,,
/m/0rql_,0,,,
/m/01n4_v,0,,,
/m/0xmy9,0,,,
/m/04w0sh,0,,,
/m/0619s1,0,,,
/m/0p61f,0,,,
/m/02fq1_,0,,,
/m/06_wq2,0,,,
/m/09rtxv4,0,,,
/m/04jkctg,0,,,
/m/013h10,0,,,
/m/0vh3,0,,,
/m/01pscb,0,,,
/m/08076nv,0,,,
/m/03cz0md,0,,,
/m/03nqyt,0,,,
/m/0zzlb,0,,,
/m/01dn8y,0,,,
/m/0fp8mf,0,,,
/m/0287ff,0,,,
/m/063_8s1,0,,,
/m/039rrn,0,,,
/m/0y97c,0,,,
/m/0bj7_b,0,,,
/m/0xp6s,0,,,
/m/0403lh9,0,,,
/m/02rlsb1,0,,,
/m/0z1l8,0,,,
/m/0ty7b,0,,,
/m/0dyw6p,0,,,
/m/0slpy,0,,,
/m/0jncd,0,,,
/m/04wl66,0,,,
/m/017575,0,,,
/m/047c9z,0,,,
/m/03swmw,0,,,
/m/011hrk,0,,,
/m/03ydgb1,0,,,
/m/01pjl0,0,,,
/m/0nmxq,0,,,
/m/0wqdz,0,,,
/m/048szt,0,,,
/m/0jx46,0,,,
/m/0370b8,0,,,
/m/0f485,0,,,
/m/0rg4d,0,,,
/m/010syl,0,,,
/m/0th_2,0,,,
/m/04n7dl1,0,,,
/m/0hyqj,0,,,
/m/011hs1,0,,,
/m/0xrz2,0,,,
/m/01mk00,0,,,
/m/0r540,0,,,
/m/041140l,0,,,
/m/01qz7z,0,,,
/m/05r82s,0,,,
/m/02wz8l,0,,,
/m/0c75w,0,,,
/m/0844lj,0,,,
/m/0ddb767,0,,,
/m/0g52g,0,,,
/m/0xrd4,0,,,
/m/01z5x5,0,,,
/m/0tq4g,0,,,
/m/0fv_t,0,,,
/m/01m247,0,,,
/m/0bmdp99,0,,,
/m/02bypb,0,,,
/m/0q_0z,0,,,
/m/0g2w1l,0,,,
/m/040xdw,0,,,
/m/01z645,0,,,
/m/010xgb,0,,,
/m/0d078j,0,,,
/m/0crc7hz,0,,,
/m/024z9_,0,,,
/m/010kq2,0,,,
/m/06pgpz,0,,,
/m/05g7nh,0,,,
/m/062n00,0,,,
/m/0frlr,0,,,
/m/01j4rs,0,,,
/m/01m2xz,0,,,
/m/058mwd1,0,,,
/m/0fz6r7,0,,,
/m/06wrcw,0,,,
/m/0p0mx,0,,,
/m/02dsc4,0,,,
/m/02t3yp,0,,,
/m/04r3ww,0,,,
/m/05q8tg,0,,,
/m/08h6ps,0,,,
/m/0zhw4,0,,,
/m/05q0kr,0,,,
/m/0l9nq,0,,,
/m/08cb7v,0,,,
/m/013qns,0,,,
/m/0n5n1,0,,,
/m/0rjrf,0,,,
/m/015kdg,0,,,
/m/0ps9n,0,,,
/m/0368ks,0,,,
/m/05p82q_,0,,,
/m/0gffbt_,0,,,
/m/03zxh9,0,,,
/m/04_w13,0,,,
/m/0rtrz,0,,,
/m/08g8c6,0,,,
/m/0mws3,0,,,
/m/06hxbj,0,,,
/m/08314,0,,,
/m/05fym,0,,,
/m/015jqq,0,,,
/m/0ncpl,0,,,
/m/06998m,0,,,
/m/0bjjbm,0,,,
/m/03ksy,0,,,
/m/08_9vl,0,,,
/m/01zy9f,0,,,
/m/0392z7,0,,,
/m/07mrhqh,0,,,
/m/0lw_s,0,,,
/m/0mlp0,0,,,
/m/02z3l3,0,,,
/m/01mncf,0,,,
/m/0320mm,0,,,
/m/0wbtf,0,,,
/m/071t23,0,,,
/m/0nb7d,0,,,
/m/03c1gv,0,,,
/m/0yjkl,0,,,
/m/0293x6,0,,,
/m/022m4q,0,,,
/m/03v2jb,0,,,
/m/014b83,0,,,
/m/010_tq,0,,,
/m/0wpwm,0,,,
/m/0_kjl,0,,,
/m/01mgyj,0,,,
/m/07kffkx,0,,,
/m/09_p6b,0,,,
/m/03qjkt,0,,,
/m/0th8q,0,,,
/m/06l56s,0,,,
/m/0r5f0,0,,,
/m/02vm94l,0,,,
/m/03s0l5,0,,,
/m/03gzgcf,0,,,
/m/0xmww,0,,,
/m/0nb2g,0,,,
/m/01mbyz,0,,,
/m/0bv3th,0,,,
/m/01j12w,0,,,
/m/05jjcl,0,,,
/m/01gbzb,0,,,
/m/0m_cg,0,,,
/m/01gc8c,0,,,
/m/046326h,0,,,
/m/01m2pk,0,,,
/m/0207309,0,,,
/m/03gly,0,,,
/m/0gxzw_9,0,,,
/m/0rwq6,0,,,
/m/0c_6_8,0,,,
/m/01hhyb,0,,,
/m/0t8tq,0,,,
/m/0pf9l,0,,,
/m/04m18s,0,,,
/m/0hl24,0,,,
/m/0gj0x,0,,,
/m/01z2n8,0,,,
/m/0nt55,0,,,
/m/09zwdk,0,,,
/m/026bqtv,0,,,
/m/0mwkp,0,,,
/m/0drzm9,0,,,
/m/02wx1zk,0,,,
/m/0fg16c,0,,,
/m/0ps68,0,,,
/m/0cx1n0,0,,,
/m/02ptz6n,0,,,
/m/0t_48,0,,,
/m/010k1d,0,,,
/m/0xppy,0,,,
/m/03q22g,0,,,
/m/0331g9,0,,,
/m/02yhw,0,,,
/m/081f11,0,,,
/m/01tjqp,0,,,
/m/0zq4_,0,,,
/m/0slwz,0,,,
/m/0z4st,0,,,
/m/09glnq7,0,,,
/m/0tgx8,0,,,
/m/0k696,0,,,
/m/010016,0,,,
/m/02pqgfy,0,,,
/m/01lxwn,0,,,
/m/0tjtx,0,,,
/m/01ch0k,0,,,
/m/01vcwl,0,,,
/m/02jkm_,0,,,
/m/064r1n,0,,,
/m/0xk73,0,,,
/m/025f1d,0,,,
/m/05fw4q,0,,,
/m/04ft_w,0,,,
/m/07c65k,0,,,
/m/0bly3q,0,,,
/m/097ly7,0,,,
/m/047rw91,0,,,
/m/01mc11,0,,,
/m/05hf_y,0,,,
/m/0137sw,0,,,
/m/04q_yy,0,,,
/m/08snx2,0,,,
/m/058wp,0,,,
/m/06n736,0,,,
/m/057_lv,0,,,
/m/0t919,0,,,
/m/0xf6r,0,,,
/m/0nppc,0,,,
/m/0b77km,0,,,
/m/09rp7_,0,,,
/m/0135s7,0,,,
/m/0b4zpp,0,,,
/m/0fsv2,0,,,
/m/04td0s,0,,,
/m/017_cl,0,,,
/m/0f_8w,0,,,
/m/0cq_g8,0,,,
/m/04xd7y,0,,,
/m/01_vrh,0,,,
/m/04sj3,0,,,
/m/02w9j1,0,,,
/m/058659,0,,,
/m/0n8tb,0,,,
/m/019klt,0,,,
/m/011gds,0,,,
/m/01669b,0,,,
/m/080nrhv,0,,,
/m/059t8,0,,,
/m/0fn77,0,,,
/m/05_5b3,0,,,
/m/02cttt,0,,,
/m/02296v,0,,,
/m/0yd75,0,,,
/m/0r2fd,0,,,
/m/088xw9,0,,,
/m/010f6q,0,,,
/m/044s2n,0,,,
/m/01jcdm,0,,,
/m/016722,0,,,
/m/04m7fh,0,,,
/m/0f67f,0,,,
/m/02xcz1,0,,,
/m/01s29d,0,,,
/m/0116d5,0,,,
/m/03hl5w,0,,,
/m/08c98k,0,,,
/m/037r8w,0,,,
/m/03_dbb,0,,,
/m/02c7gq,0,,,
/m/013b2w,0,,,
/m/027fhb,0,,,
/m/05349k,0,,,
/m/0b77vbz,0,,,
/m/07fb6,0,,,
/m/010w8y,0,,,
/m/0nhyp,0,,,
/m/0lhft,0,,,
/m/03hgz5h,0,,,
/m/0xqd1,0,,,
/m/010n0r,0,,,
/m/01_93c,0,,,
/m/0szxb,0,,,
/m/0s4fg,0,,,
/m/054rw,0,,,
/m/02dq_9,0,,,
/m/01kycm,0,,,
/m/01l2pk,0,,,
/m/0r5lz,0,,,
/m/0mswm,0,,,
/m/0y60k,0,,,
/m/07nhy5,0,,,
/m/0109vk,0,,,
/m/01419z,0,,,
/m/0l2t5,0,,,
/m/02w9s,0,,,
/m/019y8h,0,,,
/m/08c65p,0,,,
/m/0bs6bk,0,,,
/m/01dljr,0,,,
/m/01n0b1,0,,,
/m/03yt3j,0,,,
/m/0mmpz,0,,,
/m/0x1y7,0,,,
/m/0z570,0,,,
/m/038g9w,0,,,
/m/09v1x9,0,,,
/m/01ty8l,0,,,
/m/0qbg4,0,,,
/m/0l4lj,0,,,
/m/0x4nz,0,,,
/m/04cf7l,0,,,
/m/01mc2k,0,,,
/m/0mw2m,0,,,
/m/0qzhw,0,,,
/m/0nsq9,0,,,
/m/0zpjc,0,,,
/m/079z6d,0,,,
/m/05gdq7,0,,,
/m/0xfkg,0,,,
/m/02qfj4,0,,,
/m/0pmpl,0,,,
/m/09b91y,0,,,
/m/01c9bx,0,,,
/m/0y5z4,0,,,
/m/02rvkb,0,,,
/m/03bxll3,0,,,
/m/01h57r,0,,,
/m/061kxc,0,,,
/m/05lf5r,0,,,
/m/09dlcw,0,,,
/m/02plk3,0,,,
/m/0tct_,0,,,
/m/035bpp,0,,,
/m/04mhyq,0,,,
/m/0wjcd,0,,,
/m/0svmh,0,,,
/m/04rwbx,0,,,
/m/01m28x,0,,,
/m/0ww4p,0,,,
/m/0988h,0,,,
/m/0r7fy,0,,,
/m/09jp3,0,,,
/m/010hll,0,,,
/m/0g52z,0,,,
/m/0l2sr,0,,,
/m/0zlt9,0,,,
/m/0ycht,0,,,
/m/01lsnl,0,,,
/m/03524q,0,,,
/m/010y_3,0,,,
/m/02p3h54,0,,,
/m/01rchc,0,,,
/m/0brq4,0,,,
/m/04jkkjp,0,,,
/m/05fgqz,0,,,
/m/02fd4z,0,,,
/m/07rjg3,0,,,
/m/0yz30,0,,,
/m/0slzs,0,,,
/m/0cz17s,0,,,
/m/0863z,0,,,
/m/0jdd,0,,,
/m/03c3dp,0,,,
/m/0yhsz,0,,,
/m/0sgtz,0,,,
/m/078blg,0,,,
/m/02kb89,0,,,
/m/01km56,0,,,
/m/03gty7q,0,,,
/m/026fbq,0,,,
/m/0ps6q,0,,,
/m/03zv5y,0,,,
/m/049k0_,0,,,
/m/0h9dy,0,,,
/m/0yvjx,0,,,
/m/01zg8k,0,,,
/m/0yq47,0,,,
/m/0mrwx,0,,,
/m/0xgr6,0,,,
/m/0ncct,0,,,
/m/03nv1g_,0,,,
/m/07j2cj,0,,,
/m/021qjc,0,,,
/m/0ytmf,0,,,
/m/0_k56,0,,,
/m/0w0s1,0,,,
/m/0cn_798,0,,,
/m/0dqx17,0,,,
/m/0189b2,0,,,
/m/0s15v,0,,,
/m/02wp0w,0,,,
/m/07bf5w,0,,,
/m/0p33t,0,,,
/m/02t110,0,,,
/m/0nncx,0,,,
/m/0bkv0,0,,,
/m/04gpbyd,0,,,
/m/0345_k,0,,,
/m/0dvlx,0,,,
/m/079yb,0,,,
/m/03hr33,0,,,
/m/08x50f,0,,,
/m/01mdx_,0,,,
/m/01rhrd,0,,,
/m/011pwj,0,,,
/m/02q7qj,0,,,
/m/013t4x,0,,,
/m/09v7lyr,0,,,
/m/019clp,0,,,
/m/0c11l,0,,,
/m/08rzbx,0,,,
/m/0506lf,0,,,
/m/02xzt9,0,,,
/m/0p90d,0,,,
/m/010kp1,0,,,
/m/02k4ln,0,,,
/m/0fzfp1,0,,,
/m/07_h1,0,,,
/m/06p88r,0,,,
/m/0_6qh,0,,,
/m/0c7zf,0,,,
/m/0637r0,0,,,
/m/0206hn,0,,,
/m/01m2q_,0,,,
/m/012ny7,0,,,
/m/0z195,0,,,
/m/0n24b,0,,,
/m/018vfy,0,,,
/m/048js1,0,,,
/m/059x2m,0,,,
/m/02hzdy,0,,,
/m/0_mf7,0,,,
/m/013d0w,0,,,
/m/01jxgn,0,,,
/m/0w0n4,0,,,
/m/09rv5rp,0,,,
/m/03zw1p,0,,,
/m/055xw2,0,,,
/m/06zpq07,0,,,
/m/0h44d,0,,,
/m/0rfp5,0,,,
/m/052n6j,0,,,
/m/01m2rb,0,,,
/m/02l5sw,0,,,
/m/03bdr0,0,,,
/m/0hv1b,0,,,
/m/05zjgj,0,,,
/m/0lj2v,0,,,
/m/0q8qb,0,,,
/m/0g591_,0,,,
/m/013h3h,0,,,
/m/06xkz0,0,,,
/m/03sz_d,0,,,
/m/02pn990,0,,,
/m/045y17,0,,,
/m/096rgb,0,,,
/m/04dn78,0,,,
/m/0myn8,0,,,
/m/03zpdj,0,,,
/m/04nwmv,0,,,
/m/01c8c6,0,,,
/m/0z2qb,0,,,
/m/05zm_j,0,,,
/m/03zmyf,0,,,
/m/0mkh_,0,,,
/m/038_kb,0,,,
/m/0lxlg,0,,,
/m/0z9rs,0,,,
/m/01nx1x,0,,,
/m/0mwxz,0,,,
/m/018hmm,0,,,
/m/01w0v,0,,,
/m/02_zyc,0,,,
/m/027blh9,0,,,
/m/0nq49,0,,,
/m/0n4pg,0,,,
/m/01k8pt,0,,,
/m/0z42t,0,,,
/m/0h5m7,0,,,
/m/0187c5,0,,,
/m/02kzfw,0,,,
/m/02p3gs0,0,,,
/m/0c45vq,0,,,
/m/0tl7w,0,,,
/m/072wgb,0,,,
/m/04gg9ks,0,,,
/m/01xkds,0,,,
/m/02z9rb3,0,,,
/m/04pbxn,0,,,
/m/02kxm,0,,,
/m/04_jgx,0,,,
/m/0qkyj,0,,,
/m/01zt8p,0,,,
/m/017bwx,0,,,
/m/074ktj,0,,,
/m/0dhp8p,0,,,
/m/0nffl,0,,,
/m/0l9sc,0,,,
/m/0bs7g_m,0,,,
/m/0xn1k,0,,,
/m/0y2r_,0,,,
/m/03fm7p,0,,,
/m/0_1gm,0,,,
/m/01n_4h,0,,,
/m/0t_qt,0,,,
/m/0785ql,0,,,
/m/06tg9z,0,,,
/m/0pvn6,0,,,
/m/0zy8r,0,,,
/m/0r52x,0,,,
/m/042yvt,0,,,
/m/03gg5w,0,,,
/m/02789zt,0,,,
/m/01wpsl,0,,,
/m/03qggjs,0,,,
/m/04cbpj,0,,,
/m/02qltd2,0,,,
/m/0_m3k,0,,,
/m/0vrdt,0,,,
/m/013qcf,0,,,
/m/06lgxg,0,,,
/m/02d53g,0,,,
/m/02wh8x,0,,,
/m/04633ww,0,,,
/m/0_2kn,0,,,
/m/0yc84,0,,,
/m/0114kn,0,,,
/m/05fz3,0,,,
/m/07ns18,0,,,
/m/066m39,0,,,
/m/0y43j,0,,,
/m/03m9wx,0,,,
/m/01zsrb,0,,,
/m/018p6z,0,,,
/m/018t1r,0,,,
/m/0fqfs,0,,,
/m/01xs45,0,,,
/m/017p5d,0,,,
/m/026klnz,0,,,
/m/0hbgh,0,,,
/m/0bwcnwt,0,,,
/m/0bwdw3,0,,,
/m/01882p,0,,,
/m/0ddf_21,0,,,
/m/0qnrg,0,,,
/m/02kgs9,0,,,
/m/0wmvh,0,,,
/m/0g_606,0,,,
/m/025vt3h,0,,,
/m/0rt_k,0,,,
/m/0xysd,0,,,
/m/0fq5j,0,,,
/m/01c708,0,,,
/m/0yf9w,0,,,
/m/043prb,0,,,
/m/0l39b,0,,,
/m/0nbzp,0,,,
/m/0fn2z,0,,,
/m/03hk6wt,0,,,
/m/0mkvw,0,,,
/m/04yyjz,0,,,
/m/0107qn,0,,,
/m/0zygc,0,,,
/m/0dd9kcx,0,,,
/m/047s8v,0,,,
/m/0dd8bs,0,,,
/m/0yrnb,0,,,
/m/02csy,0,,,
/m/026qv62,0,,,
/m/0608ht,0,,,
/m/0x_fv,0,,,
/m/04xn_,0,,,
/m/05znn0,0,,,
/m/023yp_,0,,,
/m/0qxk3,0,,,
/m/09rsc63,0,,,
/m/0257lx,0,,,
/m/0d994r,0,,,
/m/01y771,0,,,
/m/070_v,0,,,
/m/0jl1dsj,0,,,
/m/0tph2,0,,,
/m/057vxm,0,,,
/m/01mndt,0,,,
/m/0sk9p,0,,,
/m/01dm2j,0,,,
/m/027zx8,0,,,
/m/0y5l1,0,,,
/m/01mlkq,0,,,
/m/010l2l,0,,,
/m/05zynj,0,,,
/m/0r3wm,0,,,
/m/03cphk,0,,,
/m/01zm01,0,,,
/m/0185b5,0,,,
/m/0fg34_,0,,,
/m/0qzp4,0,,,
/m/037tkn,0,,,
/m/049z0f,0,,,
/m/05_cj_,0,,,
/m/04m_v53,0,,,
/m/0vrmb,0,,,
/m/056rxg,0,,,
/m/06sx5h,0,,,
/m/08hjgg,0,,,
/m/0s8kg,0,,,
/m/0tkkc,0,,,
/m/023r7p,0,,,
/m/0zjyp,0,,,
/m/01lh9v,0,,,
/m/0cw0g8,0,,,
/m/07rswf,0,,,
/m/0c4tcv,0,,,
/m/0l0bg,0,,,
/m/0138k6,0,,,
/m/01vtnc,0,,,
/m/013kml,0,,,
/m/0tylq,0,,,
/m/0gbpcf,0,,,
/m/0r8df,0,,,
/m/0jwzp,0,,,
/m/0djd3,0,,,
/m/055w5s,0,,,
/m/02wvg08,0,,,
/m/0lxg6,0,,,
/m/022hmn,0,,,
/m/023r26,0,,,
/m/01mhzp,0,,,
/m/0glb5,0,,,
/m/0qc7l,0,,,
/m/01p_mq,0,,,
/m/02xz9z,0,,,
/m/026cn1g,0,,,
/m/09g97b,0,,,
/m/012vwb,0,,,
/m/02qxvj,0,,,
/m/0t015,0,,,
/m/05d5t9,0,,,
/m/01qxc,0,,,
/m/0sjm1,0,,,
/m/05f9p7t,0,,,
/m/0gmgwsq,0,,,
/m/0pf5y,0,,,
/m/01j5hw,0,,,
/m/08sk8y,0,,,
/m/0scv1,0,,,
/m/036k0s,0,,,
/m/0y2xl,0,,,
/m/02hs0b,0,,,
/m/0_dsj,0,,,
/m/0zlry,0,,,
/m/0vl54,0,,,
/m/0r785,0,,,
/m/0h2f_z,0,,,
/m/0d884n,0,,,
/m/065_mt,0,,,
/m/02z8z49,0,,,
/m/0128kg,0,,,
/m/03lkp,0,,,
/m/0qy7q,0,,,
/m/0dgrh6l,0,,,
/m/0xmjc,0,,,
/m/014978,0,,,
/m/0dpfqb,0,,,
/m/04gzd,0,,,
/m/01kj6c,0,,,
/m/01m953,0,,,
/m/03xcc6,0,,,
/m/0kv2r,0,,,
/m/07s94xd,0,,,
/m/0y41g,0,,,
/m/0j5xt,0,,,
/m/014f4k,0,,,
/m/043343,0,,,
/m/0620ps,0,,,
/m/03lfl0,0,,,
/m/03c77m3,0,,,
/m/09g8_9,0,,,
/m/0nf_9,0,,,
/m/077qn,0,,,
/m/022mt8,0,,,
/m/0t_71,0,,,
/m/024zyk,0,,,
/m/011d1j,0,,,
/m/030qhb,0,,,
/m/021h50c,0,,,
/m/0r7yf,0,,,
/m/0zkh8,0,,,
/m/0skrj,0,,,
/m/0ll6g,0,,,
/m/0vm3r,0,,,
/m/03nd2t,0,,,
/m/01t4q_,0,,,
/m/01mh9z,0,,,
/m/0_k1c,0,,,
/m/03t_vw,0,,,
/m/05cp25,0,,,
/m/0sqc8,0,,,
/m/05zvr5j,0,,,
/m/0ftkx,0,,,
/m/01fq7,0,,,
/m/04msjd,0,,,
/m/058ql_,0,,,
/m/0f65l0,0,,,
/m/02pxcr5,0,,,
/m/0b2ds,0,,,
/m/01mdx9,0,,,
/m/0jxv8,0,,,
/m/0q8jl,0,,,
/m/073zzy,0,,,
/m/01m65d,0,,,
/m/03xs4d,0,,,
/m/01cz_1,0,,,
/m/010r6f,0,,,
/m/018lwt,0,,,
/m/079l5_,0,,,
/m/08fkmq,0,,,
/m/0g5569z,0,,,
/m/01_gvm3,0,,,
/m/01mp0t,0,,,
/m/0qb0_,0,,,
/m/03g7n8,0,,,
/m/01920m,0,,,
/m/0rfxy,0,,,
/m/02rhzhb,0,,,
/m/01qk_s,0,,,
/m/022j8j,0,,,
/m/01m6jf,0,,,
/m/043my30,0,,,
/m/01_690,0,,,
/m/02xzmc,0,,,
/m/0586jv,0,,,
/m/0cgm9,0,,,
/m/0r5xy,0,,,
/m/013v2f,0,,,
/m/08ts3n,0,,,
/m/0jx5y,0,,,
/m/03tbfh,0,,,
/m/02npmd,0,,,
/m/0mn78,0,,,
/m/0228pw,0,,,
/m/01975f,0,,,
/m/010ktj,0,,,
/m/076wrhn,0,,,
/m/013t3c,0,,,
/m/0fzyvt,0,,,
/m/0114pg,0,,,
/m/0kq08,0,,,
/m/0srb8,0,,,
/m/0bd17m,0,,,
/m/03kjh,0,,,
/m/08gy0h,0,,,
/m/04f1lny,0,,,
/m/05mw44q,0,,,
/m/04jnvpr,0,,,
/m/01qv6v,0,,,
/m/0rgt8,0,,,
/m/04p0fq,0,,,
/m/01hy_,0,,,
/m/0mkjc,0,,,
/m/01c995,0,,,
/m/0mcxl,0,,,
/m/06rv_t,0,,,
/m/07xm24,0,,,
/m/04pxy3,0,,,
/m/0hn4h,0,,,
/m/0_fr8,0,,,
/m/01j5l6,0,,,
/m/041w40,0,,,
/m/0b0gl2,0,,,
/m/02z7dj2,0,,,
/m/06xwnj,0,,,
/m/062hs4,0,,,
/m/022_4w,0,,,
/m/01_w5q,0,,,
/m/0t_bm,0,,,
/m/01m7fx,0,,,
/m/0y6mb,0,,,
/m/030j7x,0,,,
/m/012lzr,0,,,
/m/05f3c35,0,,,
/m/013pbv,0,,,
/m/02tqd6,0,,,
/m/0k9g,0,,,
/m/019fbp,0,,,
/m/04dj2,0,,,
/m/02p_gx3,0,,,
/m/0j3wt,0,,,
/m/01hvzr,0,,,
/m/018bvl,0,,,
/m/0274g1y,0,,,
/m/0glcy6,0,,,
/m/03ccmgh,0,,,
/m/0f8q48,0,,,
/m/09rv4q2,0,,,
/m/0mpcr,0,,,
/m/0fg8xx,0,,,
/m/01fscv,0,,,
/m/02y6df,0,,,
/m/0vjf9,0,,,
/m/05f434q,0,,,
/m/027526h,0,,,
/m/02g1v0,0,,,
/m/068qwt,0,,,
/m/0_69s,0,,,
/m/027pyqt,0,,,
/m/0133t5,0,,,
/m/03zs99,0,,,
/m/03kcs9,0,,,
/m/0vd1p,0,,,
/m/0s_hz,0,,,
/m/0xqrf,0,,,
/m/0f4xr,0,,,
/m/0_5mt,0,,,
/m/01jqcm,0,,,
/m/0chsr2,0,,,
/m/01qh7t,0,,,
/m/01zgfh,0,,,
/m/01k571,0,,,
/m/0f2s6,0,,,
/m/0r6c4,0,,,
/m/021tgg,0,,,
/m/02tb17,0,,,
/m/094fgp,0,,,
/m/0brbt9,0,,,
/m/04973f2,0,,,
/m/0t64c,0,,,
/m/06m5cj,0,,,
/m/089g27,0,,,
/m/0jb3w,0,,,
/m/02qfbqv,0,,,
/m/0y063,0,,,
/m/0md6f,0,,,
/m/0v5sv,0,,,
/m/09dty0,0,,,
/m/0mkzr,0,,,
/m/0807xf6,0,,,
/m/01wp8d,0,,,
/m/010ls9,0,,,
/m/02wm_1,0,,,
/m/0b98fj,0,,,
/m/01glsm,0,,,
/m/0t05c,0,,,
/m/09wlds,0,,,
/m/04qv05,0,,,
/m/08_5x4,0,,,
/m/0fh6h3,0,,,
/m/05b_5qx,0,,,
/m/07m1mv,0,,,
/m/059s8,0,,,
/m/03y6fx,0,,,
/m/02183k,0,,,
/m/0fxtrp,0,,,
/m/02rrzp7,0,,,
/m/0hyyq,0,,,
/m/01z6ct,0,,,
/m/0c1r43,0,,,
/m/07h_9z,0,,,
/m/05c7m_,0,,,
/m/07bpzg,0,,,
/m/042jd4,0,,,
/m/01hvn0,0,,,
/m/0fqhv_,0,,,
/m/02jzk5,0,,,
/m/0h3m51,0,,,
/m/0_t_x,0,,,
/m/02cx_2,0,,,
/m/0d9rp,0,,,
/m/0fthl,0,,,
/m/022bwj,0,,,
/m/04vvt6,0,,,
/m/0jp26,0,,,
/m/01m2v2,0,,,
/m/026dkdk,0,,,
/m/0f_3l5,0,,,
/m/022b8d,0,,,
/m/0xx1z,0,,,
/m/0l39s,0,,,
/m/07m7fv,0,,,
/m/02wt0,0,,,
/m/02x1pq,0,,,
/m/0mwzv,0,,,
/m/0r0b2,0,,,
/m/02w70,0,,,
/m/06pvr,0,,,
/m/0_tv0,0,,,
/m/02c7dt,0,,,
/m/0fv_b4,0,,,
/m/01x5_s,0,,,
/m/01mgbh,0,,,
/m/0fcfb9,0,,,
/m/05p3frc,0,,,
/m/01_41m,0,,,
/m/0kf9p,0,,,
/m/05wyn3,0,,,
/m/053l51,0,,,
/m/0fnb4,0,,,
/m/0l29n,0,,,
/m/0403l63,0,,,
/m/0rvr4,0,,,
/m/088x2t,0,,,
/m/06sff,0,,,
/m/0b09qy,0,,,
/m/07l3t5,0,,,
/m/01l3h7,0,,,
/m/0z0yg,0,,,
/m/0zrb2,0,,,
/m/0tf61,0,,,
/m/0j29lml,0,,,
/m/08kg15,0,,,
/m/03trwp,0,,,
/m/02r_8rk,0,,,
/m/05kyyt,0,,,
/m/0p6mw,0,,,
/m/014cd4,0,,,
/m/013fbl,0,,,
/m/0n3ll,0,,,
/m/03b0xz,0,,,
/m/0h7ly38,0,,,
/m/03_8qg,0,,,
/m/08sj16,0,,,
/m/0fqm6sb,0,,,
/m/0mwl2,0,,,
/m/05qx1,0,,,
/m/0srfc,0,,,
/m/0d331,0,,,
/m/013kjs,0,,,
/m/0709fh,0,,,
/m/03d60r,0,,,
/m/02npk5,0,,,
/m/03m4b4l,0,,,
/m/07nzj5,0,,,
/m/0sp17,0,,,
/m/07fssy,0,,,
/m/0148kv,0,,,
/m/03ctr0r,0,,,
/m/02pnv3m,0,,,
/m/03x61c,0,,,
/m/013t3q,0,,,
/m/0_tzj,0,,,
/m/014km3,0,,,
/m/0bltpl,0,,,
/m/09jny0,0,,,
/m/0281nhk,0,,,
/m/03t0cd,0,,,
/m/04d_m,0,,,
/m/0m2rv,0,,,
/m/0gj9ryk,0,,,
/m/01jdqr,0,,,
/m/017x_,0,,,
/m/0114nf,0,,,
/m/01mf0s,0,,,
/m/040w7h,0,,,
/m/0_jsz,0,,,
/m/05hcy,0,,,
/m/04mym6,0,,,
/m/09nkq,0,,,
/m/0273tjj,0,,,
/m/01bpjh,0,,,
/m/0247pq,0,,,
/m/0s1cd,0,,,
/m/0112h4,0,,,
/m/0gw_5yy,0,,,
/m/073w_y,0,,,
/m/017x9b,0,,,
/m/01m8t7,0,,,
/m/080ctyd,0,,,
/m/049lr,0,,,
/m/0cw8cz,0,,,
/m/0slbf,0,,,
/m/0jnym,0,,,
/m/0tsxj,0,,,
/m/0c1rg_,0,,,
/m/0z3ln,0,,,
/m/03bw_lf,0,,,
/m/05l04h,0,,,
/m/04b8ty,0,,,
/m/0gr29l,0,,,
/m/03xs66,0,,,
/m/03cc77,0,,,
/m/02nfl5,0,,,
/m/03n7hk,0,,,
/m/0293v4,0,,,
/m/04kbm4,0,,,
/m/01bgr_,0,,,
/m/0xkyn,0,,,
/m/0jzjq,0,,,
/m/0x1pm,0,,,
/m/0g81y_,0,,,
/m/02lcnj,0,,,
/m/0gn_48,0,,,
/m/0mvsg,0,,,
/m/01p_ly,0,,,
/m/01ktcd,0,,,
/m/0n4bk,0,,,
/m/0dz34l,0,,,
/m/0mv_b,0,,,
/m/029_g1,0,,,
/m/01wm3s,0,,,
/m/02f5jb,0,,,
/m/0112fs,0,,,
/m/0107x7,0,,,
/m/0smc5,0,,,
/m/01h1hn,0,,,
/m/01cgxp,0,,,
/m/0fmsx,0,,,
/m/0dzstv,0,,,
/m/0c9sxd,0,,,
/m/01wgvb,0,,,
/m/02qfmlb,0,,,
/m/01y58d,0,,,
/m/04ljj0_,0,,,
/m/03x_1j,0,,,
/m/05qz1w,0,,,
/m/076ys0h,0,,,
/m/013ty1,0,,,
/m/0sy5h,0,,,
/m/0fjw9,0,,,
/m/010bnr,0,,,
/m/03ztvg,0,,,
/m/0mnn8,0,,,
/m/0c2v6j,0,,,
/m/013m43,0,,,
/m/051y3zf,0,,,
/m/0h11l4,0,,,
/m/0_c3w,0,,,
/m/0196_0,0,,,
/m/02gjp,0,,,
/m/0td_4,0,,,
/m/0mlcj,0,,,
/m/0g5t3g6,0,,,
/m/022bwx,0,,,
/m/01m87_,0,,,
/m/0wwxf,0,,,
/m/013ch3,0,,,
/m/0tlq9,0,,,
/m/04jddhm,0,,,
/m/01bp70,0,,,
/m/0js23,0,,,
/m/0mt1h,0,,,
/m/0chl_t,0,,,
/m/02pqm69,0,,,
/m/06btm6,0,,,
/m/01x0rx,0,,,
/m/04td64,0,,,
/m/0229f1,0,,,
/m/0g9j88,0,,,
/m/0f3ys2,0,,,
/m/0cp7xj,0,,,
/m/0151tb,0,,,
/m/0l4v0,0,,,
/m/02dvhr,0,,,
/m/03lxbj,0,,,
/m/0293y8,0,,,
/m/04sn_g,0,,,
/m/0b0b4_,0,,,
/m/02h83h,0,,,
/m/05n568,0,,,
/m/01snym,0,,,
/m/0y81m,0,,,
/m/01zst8,0,,,
/m/01jm6p,0,,,
/m/013x15,0,,,
/m/01z5nd,0,,,
/m/06l9pn,0,,,
/m/0gd289,0,,,
/m/030n2q,0,,,
/m/0963w_,0,,,
/m/0rsxm,0,,,
/m/0250d_,0,,,
/m/03f766,0,,,
/m/02wq7t,0,,,
/m/03_0zt,0,,,
/m/0g5p1c0,0,,,
/m/0gl768,0,,,
/m/02q05j9,0,,,
/m/0_4tp,0,,,
/m/02t_r5,0,,,
/m/07w9n,0,,,
/m/0z0y2,0,,,
/m/01tdfj,0,,,
/m/05qkg3,0,,,
/m/09tx5c,0,,,
/m/07tlbf,0,,,
/m/04wzs_,0,,,
/m/017w1k,0,,,
/m/03ckm1c,0,,,
/m/0134mk,0,,,
/m/02fsl2,0,,,
/m/08v5wx,0,,,
/m/02hlc3,0,,,
/m/01r994,0,,,
/m/03gyl,0,,,
/m/03cxgh9,0,,,
/m/01bz75,0,,,
/m/01sny6,0,,,
/m/020g_f,0,,,
/m/064z4t,0,,,
/m/020cyy,0,,,
/m/0l35x,0,,,
/m/013vr1,0,,,
/m/0cy3lm,0,,,
/m/03y1md4,0,,,
/m/02nlwz,0,,,
/m/043nl5,0,,,
/m/0gm5_z,0,,,
/m/0_vlw,0,,,
/m/0qsg7,0,,,
/m/0bwcjw1,0,,,
/m/02py7pw,0,,,
/m/01mgzk,0,,,
/m/082f8,0,,,
/m/070vm3,0,,,
/m/06zqtsw,0,,,
/m/0g8q9_,0,,,
/m/0sqwt,0,,,
/m/05syv4v,0,,,
/m/0y5kc,0,,,
/m/0g1w5,0,,,
/m/02p1x2,0,,,
/m/01mbkk,0,,,
/m/0bh10f,0,,,
/m/0q8yg,0,,,
/m/0rvfg,0,,,
/m/040xr_,0,,,
/m/06fg5s,0,,,
/m/03fkp9,0,,,
/m/01s8rk,0,,,
/m/013_z2,0,,,
/m/017w4c,0,,,
/m/0dtzk0,0,,,
/m/030qb_,0,,,
/m/017j4q,0,,,
/m/04h798,0,,,
/m/01snsb,0,,,
/m/026gsnr,0,,,
/m/0f3vg,0,,,
/m/0hjtg,0,,,
/m/0q8_z,0,,,
/m/0b572_,0,,,
/m/04nd78,0,,,
/m/0207496,0,,,
/m/027j2z,0,,,
/m/0gjjb7,0,,,
/m/01l5jy,0,,,
/m/0dczpt,0,,,
/m/0nlky,0,,,
/m/03bx2_q,0,,,
/m/0lbcg,0,,,
/m/0dmbpx,0,,,
/m/0mbf4,0,,,
/m/0gjgc,0,,,
/m/085c_d,0,,,
/m/01mf93,0,,,
/m/02_cdj,0,,,
/m/0dphjk,0,,,
/m/0y2dl,0,,,
/m/036vtd,0,,,
/m/01zk7v,0,,,
/m/09b7q,0,,,
/m/0r679,0,,,
/m/01xd9,0,,,
/m/01qc_4,0,,,
/m/0wwm4,0,,,
/m/055knc,0,,,
/m/02z1tq,0,,,
/m/08d3b1,0,,,
/m/01hr58,0,,,
/m/0145g9,0,,,
/m/0s807,0,,,
/m/0qk44,0,,,
/m/0ygd7,0,,,
/m/018jk2,0,,,
/m/025vpc4,0,,,
/m/0g9_cxk,0,,,
/m/026wff3,0,,,
/m/022jdw,0,,,
/m/01fv4z,0,,,
/m/0gxbl,0,,,
/m/0bxqgt,0,,,
/m/03d0j5,0,,,
/m/0ttw9,0,,,
/m/09f13,0,,,
/m/07n7rf,0,,,
/m/01lxkd,0,,,
/m/020skc,0,,,
/m/0m7fm,0,,,
/m/0f2r6,0,,,
/m/017bg4,0,,,
/m/0n3p6,0,,,
/m/0yy7z,0,,,
/m/03cy4_7,0,,,
/m/0z1np,0,,,
/m/0b29y,0,,,
/m/048_fn,0,,,
/m/01jmlw,0,,,
/m/012x2r,0,,,
/m/0160nz,0,,,
/m/0y4g2,0,,,
/m/02q988h,0,,,
/m/0nbsy,0,,,
/m/02qx31,0,,,
/m/08x48h,0,,,
/m/010j9w,0,,,
/m/0ypng,0,,,
/m/02yr85,0,,,
/m/05g56,0,,,
/m/0908p_,0,,,
/m/01jxqk,0,,,
/m/0f6h9f,0,,,
/m/06w24vv,0,,,
/m/0_hw1,0,,,
/m/02_zvc,0,,,
/m/0yjdp,0,,,
/m/0frbx,0,,,
/m/0tlyx,0,,,
/m/0yg25,0,,,
/m/05xw45,0,,,
/m/04t_9v,0,,,
/m/09dl3d,0,,,
/m/02qq6m,0,,,
/m/0cyv2z,0,,,
/m/01sxdk,0,,,
/m/01nhhz,0,,,
/m/03gyqvb,0,,,
/m/0m2fr,0,,,
/m/0yt8v,0,,,
/m/02q05cv,0,,,
/m/03qg2tt,0,,,
/m/02vk769,0,,,
/m/01xxr0,0,,,
/m/09vgvr,0,,,
/m/0185m3,0,,,
/m/02py3m,0,,,
/m/089n04,0,,,
/m/01tcny,0,,,
/m/02ryjch,0,,,
/m/0zyjf,0,,,
/m/0fwfm,0,,,
/m/0ng68,0,,,
/m/02b7kq,0,,,
/m/0565d,0,,,
/m/0qtnn,0,,,
/m/045sb8,0,,,
/m/0bhnz5,0,,,
/m/0bh6dp,0,,,
/m/0333vl,0,,,
/m/03w6t6,0,,,
/m/01mgh_,0,,,
/m/0n1yc,0,,,
/m/0dwfs6,0,,,
/m/0v01j,0,,,
/m/04d118,0,,,
/m/01dt2y,0,,,
/m/08v0rv,0,,,
/m/0216rr,0,,,
/m/0gg7s7,0,,,
/m/02wfvk,0,,,
/m/0ryzs,0,,,
/m/02q2qlx,0,,,
/m/039b7_,0,,,
/m/02gkjf,0,,,
/m/0g2xjc,0,,,
/m/03bqy9,0,,,
/m/01xgz0,0,,,
/m/0m43j,0,,,
/m/08jg9k,0,,,
/m/02qs52,0,,,
/m/0bwfbwd,0,,,
/m/01mjpn,0,,,
/m/05wx8b,0,,,
/m/0189w0,0,,,
/m/012q71,0,,,
/m/03wfqw,0,,,
/m/04w8dn,0,,,
/m/02vzq6c,0,,,
/m/0dcrc5,0,,,
/m/03mv5l,0,,,
/m/0104lr,0,,,
/m/058g58,0,,,
/m/05jxsl,0,,,
/m/0516x6,0,,,
/m/0rfym,0,,,
/m/0525t,0,,,
/m/02yr7g,0,,,
/m/0v4fg,0,,,
/m/02_zdd,0,,,
/m/0126sd,0,,,
/m/0jfqp,0,,,
/m/06zsvlb,0,,,
/m/02qpc15,0,,,
/m/010w9z,0,,,
/m/06td4s,0,,,
/m/03z760,0,,,
/m/0zv2v,0,,,
/m/01tlmw,0,,,
/m/0ndlm,0,,,
/m/0d5w2c,0,,,
/m/0557xty,0,,,
/m/0dtyg,0,,,
/m/06vbhl,0,,,
/m/03kxd4,0,,,
/m/0br_2_,0,,,
/m/0p4bs,0,,,
/m/01mtf7,0,,,
/m/01814,0,,,
/m/0nb04,0,,,
/m/09wtrt,0,,,
/m/04cj16,0,,,
/m/0s53w,0,,,
/m/032t_b,0,,,
/m/0n4g_,0,,,
/m/02637jx,0,,,
/m/05pbqws,0,,,
/m/0mtfy,0,,,
/m/0v0bl,0,,,
/m/0r0wy,0,,,
/m/026h5fm,0,,,
/m/0334cs,0,,,
/m/0gw2_9,0,,,
/m/029crq,0,,,
/m/0nc84,0,,,
/m/013t85,0,,,
/m/013dkh,0,,,
/m/0wz5p,0,,,
/m/01z9z1,0,,,
/m/0tz68,0,,,
/m/0rf3n,0,,,
/m/04drmh,0,,,
/m/01wn55,0,,,
/m/08_69n,0,,,
/m/01mftm,0,,,
/m/0mp5m,0,,,
/m/01z53w,0,,,
/m/0xhk7,0,,,
/m/0yc7f,0,,,
/m/083h3f,0,,,
/m/0191qk,0,,,
/m/0_bcn,0,,,
/m/0v04_,0,,,
/m/019fm7,0,,,
/m/02p8k6x,0,,,
/m/02wbqqq,0,,,
/m/08815,0,,,
/m/0zyny,0,,,
/m/018dk_,0,,,
/m/0b3rf0,0,,,
/m/080fyqb,0,,,
/m/02wfth,0,,,
/m/05c0426,0,,,
/m/051z75,0,,,
/m/0dwfw,0,,,
/m/0cx2r,0,,,
/m/0gbnwk,0,,,
/m/04f19b4,0,,,
/m/032rr0,0,,,
/m/0r099,0,,,
/m/0z4ft,0,,,
/m/01zcs5,0,,,
/m/04m0z,0,,,
/m/0fn6r,0,,,
/m/0186bm,0,,,
/m/07hhj8,0,,,
/m/026zz5f,0,,,
/m/01z367,0,,,
/m/042j45,0,,,
/m/021qqh,0,,,
/m/05dn72,0,,,
/m/01hg0,0,,,
/m/0tv0g,0,,,
/m/05q9xwd,0,,,
/m/0y1z3,0,,,
/m/03gv2f4,0,,,
/m/0vccb,0,,,
/m/02xm0p,0,,,
/m/0sn_h,0,,,
/m/02dck5,0,,,
/m/023q__,0,,,
/m/0g58xf,0,,,
/m/0sv6n,0,,,
/m/0cpqzq,0,,,
/m/046qb9,0,,,
/m/098cpt,0,,,
/m/0413rv,0,,,
/m/04fx9m,0,,,
/m/0yzkv,0,,,
/m/01fzp,0,,,
/m/0114dq,0,,,
/m/020bq1,0,,,
/m/0qkcb,0,,,
/m/029nzk,0,,,
/m/03yljv,0,,,
/m/020cz9,0,,,
/m/0hqqd,0,,,
/m/0wdjl,0,,,
/m/07vt7n,0,,,
/m/02yhgs,0,,,
/m/0bgk1y,0,,,
/m/04_9xy,0,,,
/m/03zswk,0,,,
/m/01nyhl,0,,,
/m/071rj9,0,,,
/m/04lcp3p,0,,,
/m/03ztw8,0,,,
/m/09wc5,0,,,
/m/014ns,0,,,
/m/0v1xg,0,,,
/m/01zcvb,0,,,
/m/01yk3w,0,,,
/m/08xs2t,0,,,
/m/0545j2,0,,,
/m/0j_3_hv,0,,,
/m/0c6d7,0,,,
/m/0_wyz,0,,,
/m/01qcvw,0,,,
/m/0t434,0,,,
/m/012nwm,0,,,
/m/022h1y,0,,,
/m/01z687,0,,,
/m/03sdyp,0,,,
/m/02whd6,0,,,
/m/0113t_,0,,,
/m/01wg6h,0,,,
/m/020blz,0,,,
/m/027cnx,0,,,
/m/0sf9m,0,,,
/m/03cg3m,0,,,
/m/01d9bn,0,,,
/m/0zxc6,0,,,
/m/01mp8t,0,,,
/m/03qgvk1,0,,,
/m/01p79b,0,,,
/m/0ql63,0,,,
/m/0dwgbg,0,,,
/m/0mwsh,0,,,
/m/02lzdt,0,,,
/m/034lht,0,,,
/m/0xl2w,0,,,
/m/0r7mm,0,,,
/m/07287m,0,,,
/m/0135gk,0,,,
/m/01ls2,0,,,
/m/061th,0,,,
/m/05gl3,0,,,
/m/0281229,0,,,
/m/0k049,0,,,
/m/0tsm6,0,,,
/m/017pny,0,,,
/m/04_wj0,0,,,
/m/022mv1,0,,,
/m/03hlqyh,0,,,
/m/02122k,0,,,
/m/076vyvk,0,,,
/m/04590j,0,,,
/m/01hvk,0,,,
/m/052s3c,0,,,
/m/0289b4v,0,,,
/m/0b51m5,0,,,
/m/08w0h5,0,,,
/m/0dbdy,0,,,
/m/077w8g,0,,,
/m/01m2mc,0,,,
/m/0bp509,0,,,
/m/0glg1d,0,,,
/m/042c1y,0,,,
/m/0jlwv,0,,,
/m/01b3jn,0,,,
/m/02c98m,0,,,
/m/03zv8k,0,,,
/m/022b1w,0,,,
/m/0cyhpn,0,,,
/m/0bpxs2,0,,,
/m/07mqgd,0,,,
/m/01ybv0,0,,,
/m/024k3n,0,,,
/m/0s987,0,,,
/m/03zjp6,0,,,
/m/03x9fb,0,,,
/m/0k02q,0,,,
/m/027p0m1,0,,,
/m/03j167,0,,,
/m/0tj4y,0,,,
/m/01kz9k,0,,,
/m/01r1c5,0,,,
/m/0_fnw,0,,,
/m/0g9v6wp,0,,,
/m/02j4n4,0,,,
/m/0gp6r5,0,,,
/m/013vl4,0,,,
/m/09gmx4f,0,,,
/m/035j90,0,,,
/m/03qvk1,0,,,
/m/0g9zd_h,0,,,
/m/03q7rs,0,,,
/m/0jt6ydb,0,,,
/m/0cp1mf5,0,,,
/m/0wxfb,0,,,
/m/025yxxt,0,,,
/m/03x2x8,0,,,
/m/0g7z25,0,,,
/m/0ys4f,0,,,
/m/03gw23k,0,,,
/m/02z6z3,0,,,
/m/027j60,0,,,
/m/01mcz2,0,,,
/m/050q6q,0,,,
/m/0c4s18,0,,,
/m/013hw3,0,,,
/m/02jdvv,0,,,
/m/022_m_,0,,,
/m/03mdg50,0,,,
/m/02bx23,0,,,
/m/083hsk,0,,,
/m/0t_km,0,,,
/m/0yfsp,0,,,
/m/01v6st,0,,,
/m/020clq,0,,,
/m/02rjjm,0,,,
/m/032dx9,0,,,
/m/0nmvh,0,,,
/m/0gdyq8,0,,,
/m/042j0n,0,,,
/m/0g3j7v,0,,,
/m/0268gg,0,,,
/m/0pd2l,0,,,
/m/043b02,0,,,
/m/0hb37,0,,,
/m/01z68l,0,,,
/m/01z0t4,0,,,
/m/023_w2,0,,,
/m/0y86k,0,,,
/m/0kstw,0,,,
/m/053wj7,0,,,
/m/07dh04,0,,,
/m/0ml4t,0,,,
/m/0ntxg,0,,,
/m/0dqnp_,0,,,
/m/05zlsr2,0,,,
/m/0z_1g,0,,,
/m/01f7lr,0,,,
/m/05mtfwz,0,,,
/m/0bfhkz,0,,,
/m/01cfc7,0,,,
/m/026x_57,0,,,
/m/0r1yc,0,,,
/m/0r2cz,0,,,
/m/0165b,0,,,
/m/05xfyc,0,,,
/m/04s0rr,0,,,
/m/0t_jl,0,,,
/m/013mtx,0,,,
/m/0vk0m,0,,,
/m/0m_zm,0,,,
/m/07pkxn,0,,,
/m/0yk3p,0,,,
/m/043w9q,0,,,
/m/0dbks,0,,,
/m/0_wbl,0,,,
/m/01m8mr,0,,,
/m/03nv8_j,0,,,
/m/02d6fj,0,,,
/m/0fg6k,0,,,
/m/0tqql,0,,,
/m/03kkdf,0,,,
/m/016mp9,0,,,
/m/0tzqk,0,,,
/m/053nsh,0,,,
/m/04y9l8,0,,,
/m/04yd5nl,0,,,
/m/01y9d7,0,,,
/m/0f8nlk,0,,,
/m/02d5r_,0,,,
/m/012b0q,0,,,
/m/01v71w,0,,,
/m/0rd73,0,,,
/m/0_6s9,0,,,
/m/01b2g8,0,,,
/m/02lwt9,0,,,
/m/02r93m,0,,,
/m/0257gm,0,,,
/m/052gm,0,,,
/m/018ylb,0,,,
/m/04f4d56,0,,,
/m/0b9_zp,0,,,
/m/0b6g5_d,0,,,
/m/013l6l,0,,,
/m/03qhctv,0,,,
/m/0fwfbj,0,,,
/m/020d0g,0,,,
/m/0wq7f,0,,,
/m/0145v_,0,,,
/m/095gf0,0,,,
/m/04qvtc,0,,,
/m/0gt547,0,,,
/m/06lbp7,0,,,
/m/0nn0w,0,,,
/m/0cq1g6,0,,,
/m/026z6tg,0,,,
/m/0yv6g,0,,,
/m/01mhb9,0,,,
/m/01psjj,0,,,
/m/0bm1rj,0,,,
/m/02zzpv,0,,,
/m/032x_k,0,,,
/m/01gc93,0,,,
/m/03qgjry,0,,,
/m/0bg4wj,0,,,
/m/02qv4qn,0,,,
/m/094wjq,0,,,
/m/02g_y4,0,,,
/m/0cxk_l,0,,,
/m/03mrk1,0,,,
/m/0412yzh,0,,,
/m/02b8gf,0,,,
/m/0cp1g44,0,,,
/m/03vc_x,0,,,
/m/06_9h,0,,,
/m/0gtqlj,0,,,
/m/02n2qd,0,,,
/m/010b8q,0,,,
/m/0dn7kz,0,,,
/m/0fnm3,0,,,
/m/05q74hq,0,,,
/m/0qpn9,0,,,
/m/04w1hm,0,,,
/m/03m96vw,0,,,
/m/0233n3,0,,,
/m/06_xnwm,0,,,
/m/05xdcw,0,,,
/m/05_z4w,0,,,
/m/0154fs,0,,,
/m/09m0y4,0,,,
/m/02pvt3c,0,,,
/m/03crhq,0,,,
/m/03x3gz,0,,,
/m/0115c3,0,,,
/m/0kn6s,0,,,
/m/0gt2jt,0,,,
/m/01mbr2,0,,,
/m/06r941,0,,,
/m/0pn6p,0,,,
/m/05qjlt,0,,,
/m/017qq4,0,,,
/m/01z8x0,0,,,
/m/064cvq,0,,,
/m/01_6m6h,0,,,
/m/0nl5x,0,,,
/m/0xxm3,0,,,
/m/07w0v,0,,,
/m/0cf0s,0,,,
/m/02qf78f,0,,,
/m/01m7rq,0,,,
/m/0b076,0,,,
/m/0jmv3,0,,,
/m/0bpc2,0,,,
/m/0pfgg,0,,,
/m/01vtbf,0,,,
/m/013xxh,0,,,
/m/051g94,0,,,
/m/01wj17,0,,,
/m/049jb9,0,,,
/m/0q978,0,,,
/m/0n3jq,0,,,
/m/03xynr1,0,,,
/m/0ncdy,0,,,
/m/01pqfc,0,,,
/m/0yxdf,0,,,
/m/04g_lr,0,,,
/m/0v8t7,0,,,
/m/015jsm,0,,,
/m/027zjpb,0,,,
/m/0_wh2,0,,,
/m/021qks,0,,,
/m/09f894,0,,,
/m/02h831,0,,,
/m/013xgt,0,,,
/m/0k3j0,0,,,
/m/04_38p,0,,,
/m/0nc1c,0,,,
/m/05836w,0,,,
/m/06sbnb,0,,,
/m/038rsf,0,,,
/m/018m7p,0,,,
/m/0g2_z,0,,,
/m/0bzlqt,0,,,
/m/03c46n,0,,,
/m/0mzy7,0,,,
/m/059_c,0,,,
/m/02qqkrl,0,,,
/m/0189_x,0,,,
/m/0dp8p,0,,,
/m/0pvxd,0,,,
/m/02xm4v,0,,,
/m/0h3qhrk,0,,,
/m/02608tn,0,,,
/m/0drww43,0,,,
/m/027v_6,0,,,
/m/034cm,0,,,
/m/0y1jr,0,,,
/m/0t_hk,0,,,
/m/0rfg9,0,,,
/m/054jj,0,,,
/m/0t_xp,0,,,
/m/09bdw0,0,,,
/m/04c_fr,0,,,
/m/01zll8,0,,,
/m/054hwh,0,,,
/m/0fngy,0,,,
/m/05vb2z,0,,,
/m/0rfcd,0,,,
/m/0g4r4t,0,,,
/m/0zsp4,0,,,
/m/027x26,0,,,
/m/01mff7,0,,,
/m/06ml0q,0,,,
/m/03jtwz,0,,,
/m/02kxbk,0,,,
/m/02r2fq5,0,,,
/m/0xh61,0,,,
/m/0pz6q,0,,,
/m/028qjc,0,,,
/m/04wd3z,0,,,
/m/01p1v,0,,,
/m/0vgt3,0,,,
/m/09x9km,0,,,
/m/03ccjph,0,,,
/m/0rf39,0,,,
/m/022hlz,0,,,
/m/08pjsz,0,,,
/m/0mvmw,0,,,
/m/074mw7,0,,,
/m/0p4ny,0,,,
/m/0100xy,0,,,
/m/080f12p,0,,,
/m/02y9wq,0,,,
/m/06wb8jg,0,,,
/m/0g54skx,0,,,
/m/0vspx,0,,,
/m/0slc3,0,,,
/m/06vbd,0,,,
/m/0mkl_,0,,,
/m/02vwz15,0,,,
/m/03zjwm,0,,,
/m/0mzs8r,0,,,
/m/0d8cls,0,,,
/m/0fqqbl,0,,,
/m/0vk8f,0,,,
/m/026xgs,0,,,
/m/01890c,0,,,
/m/02q1v5,0,,,
/m/01mmg4,0,,,
/m/0y995,0,,,
/m/01l263,0,,,
/m/013j4q,0,,,
/m/06nh6f,0,,,
/m/07vllh,0,,,
/m/01m274,0,,,
/m/0n7zx,0,,,
/m/0s20r,0,,,
/m/02r7rr2,0,,,
/m/0gk907,0,,,
/m/02qbpd,0,,,
/m/02b5vw,0,,,
/m/036hx6,0,,,
/m/01ybtp,0,,,
/m/0p6p7,0,,,
/m/0yrz5,0,,,
/m/0r653,0,,,
/m/05f7pt,0,,,
/m/01dfks,0,,,
/m/0nf3h,0,,,
/m/0fnff,0,,,
/m/0195j0,0,,,
/m/020nlf,0,,,
/m/03lnyr,0,,,
/m/0cfss,0,,,
/m/05mkn,0,,,
/m/018qpq,0,,,
/m/021qkf,0,,,
/m/01kyff,0,,,
/m/0gp1sw,0,,,
/m/0mp57,0,,,
/m/01mlsy,0,,,
/m/0cswl,0,,,
/m/05256hh,0,,,
/m/01q_7f,0,,,
/m/0ccst1,0,,,
/m/0rrhp,0,,,
/m/092vgp,0,,,
/m/04vkzh,0,,,
/m/03qp9s_,0,,,
/m/022ym3,0,,,
/m/02rmqds,0,,,
/m/0d1rjw,0,,,
/m/09nv79,0,,,
/m/0fdpd,0,,,
/m/0lbl6,0,,,
/m/06mjq3,0,,,
/m/0bxbb,0,,,
/m/0t8zw,0,,,
/m/0gl53v,0,,,
/m/01m1_t,0,,,
/m/013hk1,0,,,
/m/0v0b7,0,,,
/m/0_87q,0,,,
/m/042hxr,0,,,
/m/01m6d9,0,,,
/m/01hdly,0,,,
/m/01b0px,0,,,
/m/0jcg8,0,,,
/m/0k6bt,0,,,
/m/04wkkb,0,,,
/m/04hbmb,0,,,
/m/0gq20f,0,,,
/m/011wlf,0,,,
/m/01f08r,0,,,
/m/02qyks2,0,,,
/m/01l33l,0,,,
/m/097b_v,0,,,
/m/0ggrvr,0,,,
/m/04q0b96,0,,,
/m/0lps0,0,,,
/m/05r5mx,0,,,
/m/0dfcn,0,,,
/m/01dr12,0,,,
/m/0g7pm,0,,,
/m/023tz4,0,,,
/m/0195r0,0,,,
/m/047gl8j,0,,,
/m/01qnyq,0,,,
/m/01_yvy,0,,,
/m/0138gx,0,,,
/m/0zmxf,0,,,
/m/0399p1,0,,,
/m/081jlz,0,,,
/m/0w78d,0,,,
/m/0120lw,0,,,
/m/07nf98,0,,,
/m/0nczk,0,,,
/m/0d7k1z,0,,,
/m/0kdqw,0,,,
/m/01k6f7,0,,,
/m/031vp2,0,,,
/m/0xg9b,0,,,
/m/01fjw0,0,,,
/m/0tj0g,0,,,
/m/023l31,0,,,
/m/0d3g98,0,,,
/m/03z74w,0,,,
/m/06xzxw,0,,,
/m/0xgjy,0,,,
/m/0b6jyr,0,,,
/m/01x73,0,,,
/m/03lrz7,0,,,
/m/0gk0l7,0,,,
/m/03wf750,0,,,
/m/021qq4,0,,,
/m/02ss9j,0,,,
/m/026rgp5,0,,,
/m/02p747k,0,,,
/m/03_1z8,0,,,
/m/0rdwr,0,,,
/m/0ysn0,0,,,
/m/026cwf9,0,,,
/m/05tm2p,0,,,
/m/024hh1,0,,,
/m/04zygks,0,,,
/m/03cw775,0,,,
/m/0zmnw,0,,,
/m/047g1gv,0,,,
/m/0wmvv,0,,,
/m/01mbqd,0,,,
/m/01p1b,0,,,
/m/03pnyr,0,,,
/m/04hz9s,0,,,
/m/03m44fr,0,,,
/m/0yhcm,0,,,
/m/0qb1z,0,,,
/m/013c2f,0,,,
/m/044b1y,0,,,
/m/05gdk8,0,,,
/m/013n0n,0,,,
/m/0jrxx,0,,,
/m/077l7c,0,,,
/m/05253p3,0,,,
/m/01n859,0,,,
/m/05xcx4,0,,,
/m/04qdp5,0,,,
/m/011m8g,0,,,
/m/01yjsg,0,,,
/m/0fjwmm,0,,,
/m/07dh1,0,,,
/m/07s6y02,0,,,
/m/02v0q0,0,,,
/m/01l3k6,0,,,
/m/0bry8k,0,,,
/m/032383,0,,,
/m/02rb5sb,0,,,
/m/0d6br,0,,,
/m/03897b,0,,,
/m/0dc3_,0,,,
/m/0ws1w,0,,,
/m/0g38r,0,,,
/m/02lw53,0,,,
/m/03k64k,0,,,
/m/0wt8f,0,,,
/m/0r02m,0,,,
/m/023jdv,0,,,
/m/0ysln,0,,,
/m/01w2lw,0,,,
/m/01jyk8,0,,,
/m/0166b8,0,,,
/m/02fq6p,0,,,
/m/0mlhq,0,,,
/m/01n2mp,0,,,
/m/0f800q,0,,,
/m/02h87q,0,,,
/m/0mt2j,0,,,
/m/09d9p2,0,,,
/m/02hp4t,0,,,
/m/0gqbz4,0,,,
/m/02r38hd,0,,,
/m/01m8g7,0,,,
/m/03p5ns,0,,,
/m/03jfc9,0,,,
/m/01864x,0,,,
/m/03jzwy,0,,,
/m/03vnk4,0,,,
/m/06yh9_,0,,,
/m/013nv_,0,,,
/m/0slyq,0,,,
/m/03h2c,0,,,
/m/0cg73k,0,,,
/m/06_y0qb,0,,,
/m/029qw4,0,,,
/m/026vgm5,0,,,
/m/065ffg,0,,,
/m/044b5q,0,,,
/m/05m_sr,0,,,
/m/02fp48,0,,,
/m/04n4my9,0,,,
/m/01ngx6,0,,,
/m/03y09q,0,,,
/m/0259bz,0,,,
/m/0nc9z,0,,,
/m/01ktz1,0,,,
/m/0djcg6,0,,,
/m/01tvfk,0,,,
/m/02bmvj,0,,,
/m/01s2h1,0,,,
/m/02q054m,0,,,
/m/0yxds,0,,,
/m/0sl2w,0,,,
/m/019zrj,0,,,
/m/050zxp,0,,,
/m/09c26l,0,,,
/m/0w70h,0,,,
/m/0f3d3g,0,,,
/m/0nc3v,0,,,
/m/0y606,0,,,
/m/0rmby,0,,,
/m/095m8w,0,,,
/m/01qrcx,0,,,
/m/01mj3j,0,,,
/m/01ccl3,0,,,
/m/081mh,0,,,
/m/0bwjjnk,0,,,
/m/011c8g,0,,,
/m/03ld3d,0,,,
/m/07tgn,0,,,
/m/0tr7j,0,,,
/m/0ghx4d,0,,,
/m/014_wn,0,,,
/m/027c6nc,0,,,
/m/04bc57,0,,,
/m/0tkxr,0,,,
/m/01lsgk,0,,,
/m/0k4z_,0,,,
/m/04jh_cp,0,,,
/m/02h6zd,0,,,
/m/0366c,0,,,
/m/030_ps,0,,,
/m/03xrt5,0,,,
/m/022mb4,0,,,
/m/0v04n,0,,,
/m/021cbn,0,,,
/m/075dh9,0,,,
/m/0y60x,0,,,
