"x-entity";"Anarchism";"Antisemitism";"Capitalism";"Christianity";"Communism";"Conservatism";"Democracy";"Fascism";"Feminism";"Islamophobia";"Left-wing politics";"Liberalism";"Marxism";"Nationalism";"Neo-Nazism";"Protestantism";"Right-wing politics";"Secularism";"Socialism";"White supremacy"
"Todd Rokita (R)";"Todd Rokita>Chicago>Anarchism";"Todd Rokita>Gerrymandering>Antisemitism";"Todd Rokita>Indiana>Thomas Jefferson>Capitalism";"Todd Rokita>Indiana>Fort Wayne, Indiana>Christianity";"Todd Rokita>Indiana>George H. W. Bush>Communism";"Todd Rokita>Republican Party (United States)>Conservatism";"Todd Rokita>Indiana>James Madison>Democracy";"Todd Rokita>Republican Party (United States)>Fascism";"Todd Rokita>Gerrymandering>Feminism";"Todd Rokita>Gerrymandering>Islamophobia";"Todd Rokita>Indiana>World War II>Left-wing politics";"Todd Rokita>Indiana>Thomas Jefferson>Liberalism";"Todd Rokita>Indiana>Christianity>Marxism";"Todd Rokita>Indiana>Dialect>Nationalism";"Todd Rokita>Chicago>Nazi Germany>Neo-Nazism";"Todd Rokita>Indiana>African Americans>Protestantism";"Todd Rokita>Republican Party (United States)>Right-wing politics";"Todd Rokita>Indiana>Thomas Jefferson>Secularism";"Todd Rokita>Indiana>James Madison>Socialism";"Todd Rokita>Gerrymandering>White supremacy"
"Dan Burton (R)";"Dan Burton>Indiana>Thomas Jefferson>Anarchism";"Dan Burton>Freemasonry>Antisemitism";"Dan Burton>Ronald Reagan>Capitalism";"Dan Burton>Bolivia>Christianity";"Dan Burton>Indiana>George H. W. Bush>Communism";"Dan Burton>Republican Party (United States)>Conservatism";"Dan Burton>Indiana>James Madison>Democracy";"Dan Burton>Ronald Reagan>Fascism";"Dan Burton>Mike Pence>LGBT>Feminism";"Dan Burton>Mike Pence>Recep Tayyip Erdogan>Islamophobia";"Dan Burton>Bolivia>Left-wing politics";"Dan Burton>Indiana>Thomas Jefferson>Liberalism";"Dan Burton>Chile>Marxism";"Dan Burton>Fidel Castro>Nationalism";"Dan Burton>Mike Pence>Amazon (company)>Neo-Nazism";"Dan Burton>California>Protestantism";"Dan Burton>Ronald Reagan>Right-wing politics";"Dan Burton>Indiana>Thomas Jefferson>Secularism";"Dan Burton>Indiana>James Madison>Socialism";"Dan Burton>Ronald Reagan>White supremacy"
"Mike Pence (R)";"Mike Pence>Woody Harrelson>Anarchism";"Mike Pence>Bible>Antisemitism";"Mike Pence>Free market>Capitalism";"Mike Pence>Bible>Christianity";"Mike Pence>Korean War>Communism";"Mike Pence>Rush Limbaugh>Conservatism";"Mike Pence>Colin Powell>Democracy";"Mike Pence>Free market>Fascism";"Mike Pence>LGBT>Feminism";"Mike Pence>Recep Tayyip Erdogan>Islamophobia";"Mike Pence>The Jerusalem Post>Left-wing politics";"Mike Pence>Free market>Liberalism";"Mike Pence>Free market>Marxism";"Mike Pence>Free market>Nationalism";"Mike Pence>Amazon (company)>Neo-Nazism";"Mike Pence>Bible>Protestantism";"Mike Pence>Free market>Right-wing politics";"Mike Pence>Evangelicalism>Secularism";"Mike Pence>School voucher>Socialism";"Mike Pence>George H. W. Bush>White supremacy"
"Larry Bucshon (R)";"Larry Bucshon>Chicago>Anarchism";"Larry Bucshon>Indiana>Judaism>Antisemitism";"Larry Bucshon>Indiana>Thomas Jefferson>Capitalism";"Larry Bucshon>Indiana>Fort Wayne, Indiana>Christianity";"Larry Bucshon>Indiana>George H. W. Bush>Communism";"Larry Bucshon>Republican Party (United States)>Conservatism";"Larry Bucshon>Indiana>James Madison>Democracy";"Larry Bucshon>Republican Party (United States)>Fascism";"Larry Bucshon>Roe v. Wade>Feminism";"Larry Bucshon>Republican Party (United States)>Affirmative action>Islamophobia";"Larry Bucshon>Indiana>World War II>Left-wing politics";"Larry Bucshon>Indiana>Thomas Jefferson>Liberalism";"Larry Bucshon>Indiana>Christianity>Marxism";"Larry Bucshon>Indiana>Dialect>Nationalism";"Larry Bucshon>United States House of Representatives>List of political parties in the United States>Neo-Nazism";"Larry Bucshon>Indiana>African Americans>Protestantism";"Larry Bucshon>Republican Party (United States)>Right-wing politics";"Larry Bucshon>Indiana>Thomas Jefferson>Secularism";"Larry Bucshon>Indiana>James Madison>Socialism";"Larry Bucshon>Indiana>African Americans>White supremacy"
"Todd Young (R)";"Todd Young>Indiana>Thomas Jefferson>Anarchism";"Todd Young>Joe Donnelly>Al-Qaeda>Antisemitism";"Todd Young>Joe Donnelly>Afghanistan>Capitalism";"Todd Young>Indiana>Fort Wayne, Indiana>Christianity";"Todd Young>Communist>Communism";"Todd Young>Republican Party (United States)>Conservatism";"Todd Young>Dan Coats>Political science>Democracy";"Todd Young>Republican Party (United States)>Fascism";"Todd Young>LGBT>Feminism";"Todd Young>Joe Donnelly>Al-Qaeda>Islamophobia";"Todd Young>Joe Donnelly>Blue Dog Coalition>Left-wing politics";"Todd Young>Dan Coats>Supreme Court of the United States>Liberalism";"Todd Young>Joe Donnelly>Al-Qaeda>Marxism";"Todd Young>Germany>Nationalism";"Todd Young>University of London>Jomo Kenyatta>Neo-Nazism";"Todd Young>Indiana>African Americans>Protestantism";"Todd Young>Republican Party (United States)>Right-wing politics";"Todd Young>Germany>Secularism";"Todd Young>Indiana>James Madison>Socialism";"Todd Young>Joe Donnelly>University of Notre Dame>White supremacy"
"Bruce Braley (D)";"Bruce Braley>Iowa>Libertarian Party (United States)>Anarchism";"Bruce Braley>Iowa>United Church of Christ>Antisemitism";"Bruce Braley>Iowa>Libertarian Party (United States)>Capitalism";"Bruce Braley>Iowa>African Americans>Christianity";"Bruce Braley>Iowa>20th century>Communism";"Bruce Braley>Republican Party (United States)>Conservatism";"Bruce Braley>Iowa>Abraham Lincoln>Democracy";"Bruce Braley>Republican Party (United States)>Fascism";"Bruce Braley>Iowa>Equal Rights Amendment>Feminism";"Bruce Braley>Iowa>Muslim>Islamophobia";"Bruce Braley>Iowa>World War II>Left-wing politics";"Bruce Braley>Iowa>Veneto>Liberalism";"Bruce Braley>Grinnell, Iowa>City>Marxism";"Bruce Braley>Iowa>20th century>Nationalism";"Bruce Braley>Iowa>Steve King>Neo-Nazism";"Bruce Braley>Iowa>Arkansas>Protestantism";"Bruce Braley>Republican Party (United States)>Right-wing politics";"Bruce Braley>United States>American Revolution>Secularism";"Bruce Braley>Iowa>Kosovo>Socialism";"Bruce Braley>North Carolina>White supremacy"
"David Loebsack (D)";"Dave Loebsack>Iowa>Libertarian Party (United States)>Anarchism";"Dave Loebsack>Iowa>United Church of Christ>Antisemitism";"Dave Loebsack>Iowa>Libertarian Party (United States)>Capitalism";"Dave Loebsack>Iowa>African Americans>Christianity";"Dave Loebsack>Iowa>20th century>Communism";"Dave Loebsack>Iowa>Republican Party (United States)>Conservatism";"Dave Loebsack>Iowa>Abraham Lincoln>Democracy";"Dave Loebsack>Iowa>Republican Party (United States)>Fascism";"Dave Loebsack>Iowa>Equal Rights Amendment>Feminism";"Dave Loebsack>Iowa>Muslim>Islamophobia";"Dave Loebsack>Iowa>World War II>Left-wing politics";"Dave Loebsack>Iowa>Veneto>Liberalism";"Dave Loebsack>Iowa City, Iowa>City>Marxism";"Dave Loebsack>Iowa>20th century>Nationalism";"Dave Loebsack>Iowa>Steve King>Neo-Nazism";"Dave Loebsack>Iowa>Arkansas>Protestantism";"Dave Loebsack>Iowa>Republican Party (United States)>Right-wing politics";"Dave Loebsack>Democratic Party (United States)>Thomas Jefferson>Secularism";"Dave Loebsack>Iowa>Kosovo>Socialism";"Dave Loebsack>Iowa>Louisiana>White supremacy"
"Leonard Boswell (D)";"Leonard Boswell>Iowa>Libertarian Party (United States)>Anarchism";"Leonard Boswell>Iowa>United Church of Christ>Antisemitism";"Leonard Boswell>NATO>Capitalism";"Leonard Boswell>Europe>Christianity";"Leonard Boswell>Europe>Communism";"Leonard Boswell>Republican Party (United States)>Conservatism";"Leonard Boswell>Europe>Democracy";"Leonard Boswell>Europe>Fascism";"Leonard Boswell>Iowa>Equal Rights Amendment>Feminism";"Leonard Boswell>Iowa>Muslim>Islamophobia";"Leonard Boswell>Iowa>World War II>Left-wing politics";"Leonard Boswell>Iowa>Veneto>Liberalism";"Leonard Boswell>Democratic Party (United States)>Social justice>Marxism";"Leonard Boswell>Germany>Nationalism";"Leonard Boswell>Steve King>Neo-Nazism";"Leonard Boswell>Iowa>Arkansas>Protestantism";"Leonard Boswell>Republican Party (United States)>Right-wing politics";"Leonard Boswell>Europe>Secularism";"Leonard Boswell>Portugal>Socialism";"Leonard Boswell>NATO>White supremacy"
"Steve King (R)";"Steve King>Iowa>Libertarian Party (United States)>Anarchism";"Steve King>The New York Times>Antisemitism";"Steve King>Netherlands>Capitalism";"Steve King>Iowa>African Americans>Christianity";"Steve King>Iowa>20th century>Communism";"Steve King>Republican Party (United States)>Conservatism";"Steve King>Netherlands>Democracy";"Steve King>Netherlands>Fascism";"Steve King>LGBT>Feminism";"Steve King>Affirmative action>Islamophobia";"Steve King>Iowa>World War II>Left-wing politics";"Steve King>Netherlands>Liberalism";"Steve King>Storm Lake, Iowa>City>Marxism";"Steve King>Iowa>20th century>Nationalism";"Steve King>Neo-Nazi>Neo-Nazism";"Steve King>Iowa>Arkansas>Protestantism";"Steve King>Republican Party (United States)>Right-wing politics";"Steve King>Republican Party (United States)>American Revolution>Secularism";"Steve King>Iowa>Kosovo>Socialism";"Steve King>Affirmative action>White supremacy"
"Tim Huelskamp (R)";"Tim Huelskamp>Jerry Moran>Libertarian Party (United States)>Anarchism";"Tim Huelskamp>Kansas>Franklin D. Roosevelt>Antisemitism";"Tim Huelskamp>Jerry Moran>Libertarian Party (United States)>Capitalism";"Tim Huelskamp>Kansas>African Americans>Christianity";"Tim Huelskamp>Kansas>Olathe, Kansas>Communism";"Tim Huelskamp>Republican Party (United States)>Conservatism";"Tim Huelskamp>Republican Party (United States)>American Revolution>Democracy";"Tim Huelskamp>Republican Party (United States)>Fascism";"Tim Huelskamp>Kansas>Amelia Earhart>Feminism";"Tim Huelskamp>Kansas>Westboro Baptist Church>Islamophobia";"Tim Huelskamp>Republican Party (United States)>Two-party system>Left-wing politics";"Tim Huelskamp>Republican Party (United States)>Two-party system>Liberalism";"Tim Huelskamp>Fowler, Kansas>City>Marxism";"Tim Huelskamp>Republican Party (United States)>Free market>Nationalism";"Tim Huelskamp>Kansas>Westboro Baptist Church>Neo-Nazism";"Tim Huelskamp>Kansas>Arkansas>Protestantism";"Tim Huelskamp>Republican Party (United States)>Right-wing politics";"Tim Huelskamp>Kansas>Intelligent design>Secularism";"Tim Huelskamp>Republican Party (United States)>Classical liberalism>Socialism";"Tim Huelskamp>Kansas>African Americans>White supremacy"
"Lynn Jenkins (R)";"Lynn Jenkins>Libertarian Party (United States)>Anarchism";"Lynn Jenkins>John Boehner>The New York Times>Antisemitism";"Lynn Jenkins>Economics>Capitalism";"Lynn Jenkins>Paul Ryan>Christmas>Christianity";"Lynn Jenkins>Paul Ryan>Friedrich Hayek>Communism";"Lynn Jenkins>Republican Party (United States)>Conservatism";"Lynn Jenkins>John Boehner>Colin Powell>Democracy";"Lynn Jenkins>Republican Party (United States)>Fascism";"Lynn Jenkins>Paul Ryan>Baby boomers>Feminism";"Lynn Jenkins>Kansas>Westboro Baptist Church>Islamophobia";"Lynn Jenkins>Cathy McMorris Rodgers>World War II>Left-wing politics";"Lynn Jenkins>John Boehner>New Jersey>Liberalism";"Lynn Jenkins>Paul Ryan>Privatization>Marxism";"Lynn Jenkins>Paul Ryan>Friedrich Hayek>Nationalism";"Lynn Jenkins>Kansas>Westboro Baptist Church>Neo-Nazism";"Lynn Jenkins>John Boehner>Crucifix>Protestantism";"Lynn Jenkins>Republican Party (United States)>Right-wing politics";"Lynn Jenkins>Paul Ryan>Friedrich Hayek>Secularism";"Lynn Jenkins>Paul Ryan>Friedrich Hayek>Socialism";"Lynn Jenkins>John Boehner>Vietnam War>White supremacy"
"Kevin Yoder (R)";"Kevin Yoder>U.S. House of Representatives>Thomas Jefferson>Anarchism";"Kevin Yoder>U.S. House of Representatives>Franklin D. Roosevelt>Antisemitism";"Kevin Yoder>U.S. House of Representatives>James Madison>Capitalism";"Kevin Yoder>U.S. House of Representatives>Alaska>Christianity";"Kevin Yoder>U.S. House of Representatives>Treason>Communism";"Kevin Yoder>Republican Party (United States)>Conservatism";"Kevin Yoder>Political science>Democracy";"Kevin Yoder>Republican Party (United States)>Fascism";"Kevin Yoder>U.S. House of Representatives>Gerrymandering>Feminism";"Kevin Yoder>U.S. House of Representatives>Gerrymandering>Islamophobia";"Kevin Yoder>Dennis Moore (politician)>Blue Dog Coalition>Left-wing politics";"Kevin Yoder>U.S. House of Representatives>Supreme Court of the United States>Liberalism";"Kevin Yoder>Hutchinson, Kansas>City>Marxism";"Kevin Yoder>U.S. House of Representatives>James Madison>Nationalism";"Kevin Yoder>U.S. House of Representatives>List of political parties in the United States>Neo-Nazism";"Kevin Yoder>U.S. House of Representatives>Delaware>Protestantism";"Kevin Yoder>Republican Party (United States)>Right-wing politics";"Kevin Yoder>U.S. House of Representatives>Prayer>Secularism";"Kevin Yoder>U.S. House of Representatives>Montana>Socialism";"Kevin Yoder>U.S. House of Representatives>Louisiana>White supremacy"
"Mike Pompeo (R)";"Mike Pompeo>United States Secretary of State>Thomas Jefferson>Anarchism";"Mike Pompeo>The New York Times>Antisemitism";"Mike Pompeo>United States Secretary of State>Thomas Jefferson>Capitalism";"Mike Pompeo>Easter>Christianity";"Mike Pompeo>United States Secretary of State>NATO>Communism";"Mike Pompeo>Republican Party (United States)>Conservatism";"Mike Pompeo>Donald Trump>Europe>Democracy";"Mike Pompeo>Republican Party (United States)>Fascism";"Mike Pompeo>Donald Trump>Political correctness>Feminism";"Mike Pompeo>Muslim Brotherhood>Islamophobia";"Mike Pompeo>Haaretz>Left-wing politics";"Mike Pompeo>United States Secretary of State>Thomas Jefferson>Liberalism";"Mike Pompeo>Donald Trump>Screen Actors Guild>Marxism";"Mike Pompeo>United States Secretary of State>Thomas Jefferson>Nationalism";"Mike Pompeo>Donald Trump>David Duke>Neo-Nazism";"Mike Pompeo>Easter>Protestantism";"Mike Pompeo>Muslim Brotherhood>Right-wing politics";"Mike Pompeo>Muslim Brotherhood>Secularism";"Mike Pompeo>Donald Trump>North Korea>Socialism";"Mike Pompeo>United States Secretary of State>NATO>White supremacy"
"Ed Whitfield (R)";"Ed Whitfield>Kentucky>Political party>Anarchism";"Ed Whitfield>Hopkinsville, Kentucky>Ku Klux Klan>Antisemitism";"Ed Whitfield>Hopkinsville, Kentucky>American Revolution>Capitalism";"Ed Whitfield>Kentucky>Evangelicalism>Christianity";"Ed Whitfield>Kentucky>Horse racing>Communism";"Ed Whitfield>Republican Party (United States)>Conservatism";"Ed Whitfield>Hopkinsville, Kentucky>American Revolution>Democracy";"Ed Whitfield>Republican Party (United States)>Fascism";"Ed Whitfield>Hopkinsville, Kentucky>Marriage>Feminism";"Ed Whitfield>Hopkinsville, Kentucky>Ku Klux Klan>Islamophobia";"Ed Whitfield>Hopkinsville, Kentucky>Ku Klux Klan>Left-wing politics";"Ed Whitfield>Hopkinsville, Kentucky>American Revolution>Liberalism";"Ed Whitfield>Kentucky>Head of state>Marxism";"Ed Whitfield>Kentucky>Abraham Lincoln>Nationalism";"Ed Whitfield>Hopkinsville, Kentucky>Ku Klux Klan>Neo-Nazism";"Ed Whitfield>Hopkinsville, Kentucky>Ku Klux Klan>Protestantism";"Ed Whitfield>Republican Party (United States)>Right-wing politics";"Ed Whitfield>Hopkinsville, Kentucky>American Revolution>Secularism";"Ed Whitfield>Republican Party (United States)>Classical liberalism>Socialism";"Ed Whitfield>Hopkinsville, Kentucky>Ku Klux Klan>White supremacy"
"Brett Guthrie (R)";"Brett Guthrie>Kentucky>Political party>Anarchism";"Brett Guthrie>Kentucky>Judaism>Antisemitism";"Brett Guthrie>Kentucky>Jimmy Carter>Capitalism";"Brett Guthrie>Alabama>Christianity";"Brett Guthrie>Kentucky>Horse racing>Communism";"Brett Guthrie>Republican Party (United States)>Conservatism";"Brett Guthrie>Kentucky>Abraham Lincoln>Democracy";"Brett Guthrie>Republican Party (United States)>Fascism";"Brett Guthrie>Kentucky>Racial segregation>Feminism";"Brett Guthrie>Kentucky>Muslim>Islamophobia";"Brett Guthrie>Kentucky>Political party>Left-wing politics";"Brett Guthrie>Kentucky>Supreme Court of the United States>Liberalism";"Brett Guthrie>Kentucky>Head of state>Marxism";"Brett Guthrie>Kentucky>Abraham Lincoln>Nationalism";"Brett Guthrie>Kentucky>American Civil Liberties Union>Neo-Nazism";"Brett Guthrie>Kentucky>Arkansas>Protestantism";"Brett Guthrie>Republican Party (United States)>Right-wing politics";"Brett Guthrie>Kentucky>Evangelicalism>Secularism";"Brett Guthrie>Alabama>Christianity>Socialism";"Brett Guthrie>Yale University>White supremacy"
"John Yarmuth (D)";"John Yarmuth>Kentucky>Political party>Anarchism";"John Yarmuth>The New York Times>Antisemitism";"John Yarmuth>Kentucky>Jimmy Carter>Capitalism";"John Yarmuth>Kentucky>Evangelicalism>Christianity";"John Yarmuth>Kentucky>Horse racing>Communism";"John Yarmuth>Republican Party (United States)>Conservatism";"John Yarmuth>Kentucky>Abraham Lincoln>Democracy";"John Yarmuth>Republican Party (United States)>Fascism";"John Yarmuth>Kentucky>Racial segregation>Feminism";"John Yarmuth>Kentucky>Muslim>Islamophobia";"John Yarmuth>Kentucky>Political party>Left-wing politics";"John Yarmuth>Kentucky>Supreme Court of the United States>Liberalism";"John Yarmuth>Kentucky>Head of state>Marxism";"John Yarmuth>Kentucky>Abraham Lincoln>Nationalism";"John Yarmuth>Kentucky>American Civil Liberties Union>Neo-Nazism";"John Yarmuth>Kentucky>Arkansas>Protestantism";"John Yarmuth>Republican Party (United States)>Right-wing politics";"John Yarmuth>Kentucky>Evangelicalism>Secularism";"John Yarmuth>Anne Northup>Minimum wage>Socialism";"John Yarmuth>Yale University>White supremacy"
"Geoff Davis (R)";"Geoff Davis>Conservatism>Anarchism";"Geoff Davis>Conservatism>Antisemitism";"Geoff Davis>Conservatism>Capitalism";"Geoff Davis>Quebec>Alabama>Christianity";"Geoff Davis>Conservatism>Communism";"Geoff Davis>Republican Party (United States)>Conservatism";"Geoff Davis>Conservatism>Democracy";"Geoff Davis>Conservatism>Fascism";"Geoff Davis>Conservatism>Feminism";"Geoff Davis>Quebec>Separation of church and state>Islamophobia";"Geoff Davis>Conservatism>Left-wing politics";"Geoff Davis>Conservatism>Liberalism";"Geoff Davis>Montreal>Christianity>Marxism";"Geoff Davis>Conservatism>Nationalism";"Geoff Davis>United States>Henry Ford>Neo-Nazism";"Geoff Davis>Montreal>British Empire>Protestantism";"Geoff Davis>Conservatism>Right-wing politics";"Geoff Davis>Conservatism>Secularism";"Geoff Davis>Conservatism>Socialism";"Geoff Davis>Quebec>Pierre Trudeau>White supremacy"
"Hal Rogers (R)";"Hal Rogers>Ukraine>Anarchism";"Hal Rogers>Hate crime>Antisemitism";"Hal Rogers>George H. W. Bush>Capitalism";"Hal Rogers>Kentucky>Evangelicalism>Christianity";"Hal Rogers>George H. W. Bush>Communism";"Hal Rogers>Republican Party (United States)>Conservatism";"Hal Rogers>United States House Committee on Appropriations>Government>Democracy";"Hal Rogers>George H. W. Bush>Fascism";"Hal Rogers>Hate crime>Feminism";"Hal Rogers>Hate crime>Islamophobia";"Hal Rogers>United States House Committee on Appropriations>Government>Left-wing politics";"Hal Rogers>United States House Committee on Appropriations>Government>Liberalism";"Hal Rogers>United States House Committee on Appropriations>Tax>Marxism";"Hal Rogers>United States House Committee on Appropriations>Government>Nationalism";"Hal Rogers>Rodney Frelinghuysen>Michael Moore>Neo-Nazism";"Hal Rogers>United States House Committee on Appropriations>California>Protestantism";"Hal Rogers>Republican Party (United States)>Right-wing politics";"Hal Rogers>Kentucky>Evangelicalism>Secularism";"Hal Rogers>United States House Committee on Appropriations>Government>Socialism";"Hal Rogers>George H. W. Bush>White supremacy"
"Ben Chandler (D)";"Ben Chandler>Kentucky>Political party>Anarchism";"Ben Chandler>Kentucky>Judaism>Antisemitism";"Ben Chandler>Kentucky>Jimmy Carter>Capitalism";"Ben Chandler>Kentucky>Evangelicalism>Christianity";"Ben Chandler>Kentucky>Horse racing>Communism";"Ben Chandler>Kentucky>Republican Party (United States)>Conservatism";"Ben Chandler>Kentucky>Abraham Lincoln>Democracy";"Ben Chandler>Kentucky>Republican Party (United States)>Fascism";"Ben Chandler>Kentucky>Racial segregation>Feminism";"Ben Chandler>Kentucky>Muslim>Islamophobia";"Ben Chandler>Blue Dog Coalition>Left-wing politics";"Ben Chandler>Kentucky>Supreme Court of the United States>Liberalism";"Ben Chandler>Kentucky>Head of state>Marxism";"Ben Chandler>Kentucky>Abraham Lincoln>Nationalism";"Ben Chandler>Kentucky>American Civil Liberties Union>Neo-Nazism";"Ben Chandler>Kentucky>Arkansas>Protestantism";"Ben Chandler>Blue Dog Coalition>Right-wing politics";"Ben Chandler>Presbyterianism>Secularism";"Ben Chandler>Ernie Fletcher>Astronaut>Socialism";"Ben Chandler>Kentucky>Fulton County, Kentucky>White supremacy"
"Steve Scalise (R)";"Steve Scalise>Party leaders of the United States House of Representatives>Political party>Anarchism";"Steve Scalise>Hate crime>Antisemitism";"Steve Scalise>Copyright>Capitalism";"Steve Scalise>Paul Ryan>Christmas>Christianity";"Steve Scalise>Paul Ryan>Friedrich Hayek>Communism";"Steve Scalise>Republican Party (United States)>Conservatism";"Steve Scalise>Political science>Democracy";"Steve Scalise>Republican Party (United States)>Fascism";"Steve Scalise>Hate crime>Feminism";"Steve Scalise>Hate crime>Islamophobia";"Steve Scalise>Party leaders of the United States House of Representatives>Political party>Left-wing politics";"Steve Scalise>Copyright>Liberalism";"Steve Scalise>Paul Ryan>Privatization>Marxism";"Steve Scalise>Party leaders of the United States House of Representatives>James Madison>Nationalism";"Steve Scalise>David Duke>Neo-Nazism";"Steve Scalise>Party leaders of the United States House of Representatives>James G. Blaine>Protestantism";"Steve Scalise>Republican Party (United States)>Right-wing politics";"Steve Scalise>Paul Ryan>Friedrich Hayek>Secularism";"Steve Scalise>Party leaders of the United States House of Representatives>James Madison>Socialism";"Steve Scalise>Hate crime>White supremacy"
"Cedric Richmond (D)";"Cedric Richmond>Louisiana>Thomas Paine>Anarchism";"Cedric Richmond>Louisiana>White supremacy>Antisemitism";"Cedric Richmond>Louisiana>Thomas Paine>Capitalism";"Cedric Richmond>Louisiana>Fort Wayne, Indiana>Christianity";"Cedric Richmond>Louisiana>Germany>Communism";"Cedric Richmond>Republican Party (United States)>Conservatism";"Cedric Richmond>Louisiana>Abraham Lincoln>Democracy";"Cedric Richmond>Republican Party (United States)>Fascism";"Cedric Richmond>Louisiana>Thomas Paine>Feminism";"Cedric Richmond>Louisiana>White supremacy>Islamophobia";"Cedric Richmond>Louisiana>White supremacy>Left-wing politics";"Cedric Richmond>Louisiana>Thomas Paine>Liberalism";"Cedric Richmond>Louisiana>Canary Islands>Marxism";"Cedric Richmond>Louisiana>Thomas Paine>Nationalism";"Cedric Richmond>Louisiana>White supremacy>Neo-Nazism";"Cedric Richmond>Louisiana>Arkansas>Protestantism";"Cedric Richmond>Republican Party (United States)>Right-wing politics";"Cedric Richmond>Louisiana>Culture of France>Secularism";"Cedric Richmond>Democratic Party (United States)>James Madison>Socialism";"Cedric Richmond>Louisiana>White supremacy"
"Jeff Landry (R)";"Jeff Landry>Chicago>Anarchism";"Jeff Landry>Buddy Caldwell>Judaism>Antisemitism";"Jeff Landry>John Bel Edwards>Italy>Capitalism";"Jeff Landry>Buddy Caldwell>Alabama>Christianity";"Jeff Landry>Buddy Caldwell>Federal Bureau of Investigation>Communism";"Jeff Landry>Republican Party (United States)>Conservatism";"Jeff Landry>John Bel Edwards>Italy>Democracy";"Jeff Landry>Republican Party (United States)>Fascism";"Jeff Landry>Buddy Caldwell>Music>Feminism";"Jeff Landry>Muslim>Islamophobia";"Jeff Landry>John Bel Edwards>Huey Long>Left-wing politics";"Jeff Landry>Business>Liberalism";"Jeff Landry>Louisiana>Canary Islands>Marxism";"Jeff Landry>Buddy Caldwell>Judaism>Nationalism";"Jeff Landry>Louisiana>White supremacy>Neo-Nazism";"Jeff Landry>Buddy Caldwell>Judaism>Protestantism";"Jeff Landry>Republican Party (United States)>Right-wing politics";"Jeff Landry>Buddy Caldwell>Judaism>Secularism";"Jeff Landry>Buddy Caldwell>Federal Bureau of Investigation>Socialism";"Jeff Landry>Louisiana>White supremacy"
"John Fleming (American politician) (R)";"John Fleming (American politician)>Conservatism>Anarchism";"John Fleming (American politician)>Conservatism>Antisemitism";"John Fleming (American politician)>Conservatism>Capitalism";"John Fleming (American politician)>Donald Trump>Europe>Christianity";"John Fleming (American politician)>Conservatism>Communism";"John Fleming (American politician)>Supreme Court of the United States>Conservatism";"John Fleming (American politician)>Conservatism>Democracy";"John Fleming (American politician)>Conservatism>Fascism";"John Fleming (American politician)>Conservatism>Feminism";"John Fleming (American politician)>Ku Klux Klan>Islamophobia";"John Fleming (American politician)>Conservatism>Left-wing politics";"John Fleming (American politician)>Conservatism>Liberalism";"John Fleming (American politician)>Donald Trump>Screen Actors Guild>Marxism";"John Fleming (American politician)>Conservatism>Nationalism";"John Fleming (American politician)>Ku Klux Klan>Neo-Nazism";"John Fleming (American politician)>Ku Klux Klan>Protestantism";"John Fleming (American politician)>Conservatism>Right-wing politics";"John Fleming (American politician)>Conservatism>Secularism";"John Fleming (American politician)>Conservatism>Socialism";"John Fleming (American politician)>Ku Klux Klan>White supremacy"
"Rodney Alexander (R)";"Rodney Alexander>Libertarian Party (United States)>Anarchism";"Rodney Alexander>Bobby Jindal>The New York Times>Antisemitism";"Rodney Alexander>Libertarian Party (United States)>Capitalism";"Rodney Alexander>Bobby Jindal>Alaska>Christianity";"Rodney Alexander>Bobby Jindal>Intelligent design>Communism";"Rodney Alexander>Republican Party (United States)>Conservatism";"Rodney Alexander>Bobby Jindal>India>Democracy";"Rodney Alexander>Republican Party (United States)>Fascism";"Rodney Alexander>Louisiana>Thomas Paine>Feminism";"Rodney Alexander>Louisiana>White supremacy>Islamophobia";"Rodney Alexander>Bobby Jindal>Rush Limbaugh>Left-wing politics";"Rodney Alexander>Bobby Jindal>Business>Liberalism";"Rodney Alexander>Bobby Jindal>Christianity>Marxism";"Rodney Alexander>Louisiana>Thomas Paine>Nationalism";"Rodney Alexander>Bobby Jindal>American Civil Liberties Union>Neo-Nazism";"Rodney Alexander>Bobby Jindal>California>Protestantism";"Rodney Alexander>Republican Party (United States)>Right-wing politics";"Rodney Alexander>Bobby Jindal>India>Secularism";"Rodney Alexander>Bobby Jindal>Christianity>Socialism";"Rodney Alexander>Louisiana>White supremacy"
"Bill Cassidy (R)";"Bill Cassidy>Libertarian Party (United States)>Anarchism";"Bill Cassidy>Louisiana>White supremacy>Antisemitism";"Bill Cassidy>Libertarian Party (United States)>Capitalism";"Bill Cassidy>Louisiana>Fort Wayne, Indiana>Christianity";"Bill Cassidy>Louisiana>Germany>Communism";"Bill Cassidy>Republican Party (United States)>Conservatism";"Bill Cassidy>Louisiana>Abraham Lincoln>Democracy";"Bill Cassidy>Republican Party (United States)>Fascism";"Bill Cassidy>Louisiana>Thomas Paine>Feminism";"Bill Cassidy>Louisiana>White supremacy>Islamophobia";"Bill Cassidy>Louisiana>White supremacy>Left-wing politics";"Bill Cassidy>Louisiana>Thomas Paine>Liberalism";"Bill Cassidy>Louisiana>Canary Islands>Marxism";"Bill Cassidy>Louisiana>Thomas Paine>Nationalism";"Bill Cassidy>Louisiana>White supremacy>Neo-Nazism";"Bill Cassidy>Louisiana>Arkansas>Protestantism";"Bill Cassidy>Republican Party (United States)>Right-wing politics";"Bill Cassidy>Louisiana>Culture of France>Secularism";"Bill Cassidy>Jay Dardenne>Journalism>Socialism";"Bill Cassidy>Louisiana>White supremacy"
"Charles Boustany (R)";"Charles Boustany>Louisiana>Thomas Paine>Anarchism";"Charles Boustany>Louisiana>White supremacy>Antisemitism";"Charles Boustany>Louisiana>Thomas Paine>Capitalism";"Charles Boustany>Louisiana>Fort Wayne, Indiana>Christianity";"Charles Boustany>Louisiana>Germany>Communism";"Charles Boustany>Republican Party (United States)>Conservatism";"Charles Boustany>Louisiana>Abraham Lincoln>Democracy";"Charles Boustany>Republican Party (United States)>Fascism";"Charles Boustany>Louisiana>Thomas Paine>Feminism";"Charles Boustany>Louisiana>White supremacy>Islamophobia";"Charles Boustany>Louisiana>White supremacy>Left-wing politics";"Charles Boustany>Louisiana>Thomas Paine>Liberalism";"Charles Boustany>Louisiana>Canary Islands>Marxism";"Charles Boustany>Louisiana>Thomas Paine>Nationalism";"Charles Boustany>Louisiana>White supremacy>Neo-Nazism";"Charles Boustany>Louisiana>Arkansas>Protestantism";"Charles Boustany>Republican Party (United States)>Right-wing politics";"Charles Boustany>Louisiana>Culture of France>Secularism";"Charles Boustany>Republican Party (United States)>Classical liberalism>Socialism";"Charles Boustany>Louisiana>White supremacy"
"Chellie Pingree (D)";"Chellie Pingree>Maine>Italian Americans>Anarchism";"Chellie Pingree>Maine>Slavery>Antisemitism";"Chellie Pingree>Afghanistan>Capitalism";"Chellie Pingree>Maine>African Americans>Christianity";"Chellie Pingree>Afghanistan>Communism";"Chellie Pingree>Republican Party (United States)>Conservatism";"Chellie Pingree>Maine>American Revolution>Democracy";"Chellie Pingree>Afghanistan>Fascism";"Chellie Pingree>Maine>Slavery>Feminism";"Chellie Pingree>Maine>Slavery>Islamophobia";"Chellie Pingree>Minneapolis>Minnesota Democratic-Farmer-Labor Party>Left-wing politics";"Chellie Pingree>Libya>Liberalism";"Chellie Pingree>Maine>Personal property>Marxism";"Chellie Pingree>Afghanistan>Nationalism";"Chellie Pingree>American Family Association>Neo-Nazism";"Chellie Pingree>Maine>England>Protestantism";"Chellie Pingree>Republican Party (United States)>Right-wing politics";"Chellie Pingree>Maine>American Revolution>Secularism";"Chellie Pingree>Minneapolis>Laos>Socialism";"Chellie Pingree>Afghanistan>White supremacy"
"Mike Michaud (D)";"Mike Michaud>Maine>Italian Americans>Anarchism";"Mike Michaud>United States House Committee on Veterans' Affairs>Prisoner of war>Antisemitism";"Mike Michaud>Maine>American Revolution>Capitalism";"Mike Michaud>Maine>African Americans>Christianity";"Mike Michaud>Bob Filner>Hubert Humphrey>Communism";"Mike Michaud>Republican Party (United States)>Conservatism";"Mike Michaud>Maine>American Revolution>Democracy";"Mike Michaud>Republican Party (United States)>Fascism";"Mike Michaud>LGBT>Feminism";"Mike Michaud>Corrine Brown>Gerrymandering>Islamophobia";"Mike Michaud>Blue Dog Coalition>Left-wing politics";"Mike Michaud>Bob Filner>Hubert Humphrey>Liberalism";"Mike Michaud>Bob Filner>People's Mujahedin of Iran>Marxism";"Mike Michaud>Bob Filner>Judaism>Nationalism";"Mike Michaud>Corrine Brown>Michael Moore>Neo-Nazism";"Mike Michaud>Bob Filner>California>Protestantism";"Mike Michaud>Republican Party (United States)>Right-wing politics";"Mike Michaud>Bob Filner>Judaism>Secularism";"Mike Michaud>United States>Industrial Revolution>Socialism";"Mike Michaud>Lewiston, Maine>White supremacy"
"Andy Harris (politician) (R)";"Andy Harris (politician)>Manhattan>Anarchism";"Andy Harris (politician)>Maryland>Racial segregation>Antisemitism";"Andy Harris (politician)>Libertarian Party (United States)>Capitalism";"Andy Harris (politician)>Maryland>Belgium>Christianity";"Andy Harris (politician)>Manhattan>Communism";"Andy Harris (politician)>Republican Party (United States)>Conservatism";"Andy Harris (politician)>Hungary>Democracy";"Andy Harris (politician)>Republican Party (United States)>Fascism";"Andy Harris (politician)>Maya Angelou>Feminism";"Andy Harris (politician)>Maryland>Toleration>Islamophobia";"Andy Harris (politician)>Maryland>World War II>Left-wing politics";"Andy Harris (politician)>Maryland>American Revolution>Liberalism";"Andy Harris (politician)>Maryland>Industrial Revolution>Marxism";"Andy Harris (politician)>Maryland>Nation state>Nationalism";"Andy Harris (politician)>New York City>Terrorism>Neo-Nazism";"Andy Harris (politician)>Hungary>Protestantism";"Andy Harris (politician)>Republican Party (United States)>Right-wing politics";"Andy Harris (politician)>Maryland>American Revolution>Secularism";"Andy Harris (politician)>Maryland>Nation state>Socialism";"Andy Harris (politician)>Maryland>North Carolina>White supremacy"
"Dutch Ruppersberger (D)";"Dutch Ruppersberger>Maryland>Nation state>Anarchism";"Dutch Ruppersberger>Maryland>Racial segregation>Antisemitism";"Dutch Ruppersberger>Maryland>American Revolution>Capitalism";"Dutch Ruppersberger>Maryland>Belgium>Christianity";"Dutch Ruppersberger>Maryland>Thomas More>Communism";"Dutch Ruppersberger>Republican Party (United States)>Conservatism";"Dutch Ruppersberger>Maryland>American Revolution>Democracy";"Dutch Ruppersberger>Republican Party (United States)>Fascism";"Dutch Ruppersberger>Maryland>Racial segregation>Feminism";"Dutch Ruppersberger>Maryland>Toleration>Islamophobia";"Dutch Ruppersberger>Maryland>World War II>Left-wing politics";"Dutch Ruppersberger>Maryland>American Revolution>Liberalism";"Dutch Ruppersberger>Maryland>Industrial Revolution>Marxism";"Dutch Ruppersberger>Maryland>Nation state>Nationalism";"Dutch Ruppersberger>Democratic Party (United States)>White supremacy>Neo-Nazism";"Dutch Ruppersberger>Maryland>Delaware>Protestantism";"Dutch Ruppersberger>Republican Party (United States)>Right-wing politics";"Dutch Ruppersberger>Maryland>American Revolution>Secularism";"Dutch Ruppersberger>Maryland>Nation state>Socialism";"Dutch Ruppersberger>Organized crime>White supremacy"
"John Sarbanes (D)";"John Sarbanes>Maryland>Nation state>Anarchism";"John Sarbanes>The New York Times>Antisemitism";"John Sarbanes>Maryland>American Revolution>Capitalism";"John Sarbanes>Maryland>Belgium>Christianity";"John Sarbanes>Maryland>Thomas More>Communism";"John Sarbanes>Maryland>Republican Party (United States)>Conservatism";"John Sarbanes>Maryland>American Revolution>Democracy";"John Sarbanes>Maryland>Republican Party (United States)>Fascism";"John Sarbanes>Maryland>Racial segregation>Feminism";"John Sarbanes>Maryland>Toleration>Islamophobia";"John Sarbanes>Maryland>World War II>Left-wing politics";"John Sarbanes>Maryland>American Revolution>Liberalism";"John Sarbanes>Maryland>Industrial Revolution>Marxism";"John Sarbanes>Maryland>Nation state>Nationalism";"John Sarbanes>Democratic Party (United States)>White supremacy>Neo-Nazism";"John Sarbanes>Maryland>Delaware>Protestantism";"John Sarbanes>Maryland>Republican Party (United States)>Right-wing politics";"John Sarbanes>Maryland>American Revolution>Secularism";"John Sarbanes>Maryland>Nation state>Socialism";"John Sarbanes>Maryland>North Carolina>White supremacy"
"Donna Edwards (D)";"Donna Edwards>Maryland>Nation state>Anarchism";"Donna Edwards>Maryland>Racial segregation>Antisemitism";"Donna Edwards>Maryland>American Revolution>Capitalism";"Donna Edwards>Maryland>Belgium>Christianity";"Donna Edwards>Maryland>Thomas More>Communism";"Donna Edwards>Republican Party (United States)>Conservatism";"Donna Edwards>Sudan>Democracy";"Donna Edwards>Republican Party (United States)>Fascism";"Donna Edwards>Maryland>Racial segregation>Feminism";"Donna Edwards>Maryland>Toleration>Islamophobia";"Donna Edwards>Maryland>World War II>Left-wing politics";"Donna Edwards>Maryland>American Revolution>Liberalism";"Donna Edwards>Sudan>Marxism";"Donna Edwards>Maryland>Nation state>Nationalism";"Donna Edwards>North Carolina>Ku Klux Klan>Neo-Nazism";"Donna Edwards>Maryland>Delaware>Protestantism";"Donna Edwards>Republican Party (United States)>Right-wing politics";"Donna Edwards>Maryland>American Revolution>Secularism";"Donna Edwards>Maryland>Nation state>Socialism";"Donna Edwards>Black people>White supremacy"
"Steny Hoyer (D)";"Steny Hoyer>Libertarian Party (United States)>Anarchism";"Steny Hoyer>Affirmative action>Antisemitism";"Steny Hoyer>Libertarian Party (United States)>Capitalism";"Steny Hoyer>Maryland>Belgium>Christianity";"Steny Hoyer>Nancy Pelosi>Democracy>Communism";"Steny Hoyer>Republican Party (United States)>Conservatism";"Steny Hoyer>India>Democracy";"Steny Hoyer>Republican Party (United States)>Fascism";"Steny Hoyer>Affirmative action>Feminism";"Steny Hoyer>Affirmative action>Islamophobia";"Steny Hoyer>The Jerusalem Post>Left-wing politics";"Steny Hoyer>Party leaders of the United States House of Representatives>Political party>Liberalism";"Steny Hoyer>Nancy Pelosi>Democracy>Marxism";"Steny Hoyer>Party leaders of the United States House of Representatives>James Madison>Nationalism";"Steny Hoyer>Nancy Pelosi>American Civil Liberties Union>Neo-Nazism";"Steny Hoyer>Party leaders of the United States House of Representatives>James G. Blaine>Protestantism";"Steny Hoyer>India>Right-wing politics";"Steny Hoyer>India>Secularism";"Steny Hoyer>Party leaders of the United States House of Representatives>James Madison>Socialism";"Steny Hoyer>Affirmative action>White supremacy"
"Roscoe Bartlett (R)";"Roscoe Bartlett>Libertarian Party (United States)>Anarchism";"Roscoe Bartlett>The New York Times>Antisemitism";"Roscoe Bartlett>Libertarian Party (United States)>Capitalism";"Roscoe Bartlett>Maryland>Belgium>Christianity";"Roscoe Bartlett>Maryland>Thomas More>Communism";"Roscoe Bartlett>Republican Party (United States)>Conservatism";"Roscoe Bartlett>Maryland>American Revolution>Democracy";"Roscoe Bartlett>Republican Party (United States)>Fascism";"Roscoe Bartlett>Corporal punishment>Feminism";"Roscoe Bartlett>Maryland>Toleration>Islamophobia";"Roscoe Bartlett>Maryland>World War II>Left-wing politics";"Roscoe Bartlett>Maryland>American Revolution>Liberalism";"Roscoe Bartlett>Maryland>Industrial Revolution>Marxism";"Roscoe Bartlett>Maryland>Nation state>Nationalism";"Roscoe Bartlett>United States House of Representatives>List of political parties in the United States>Neo-Nazism";"Roscoe Bartlett>Moorland, Kentucky>Marriage>Protestantism";"Roscoe Bartlett>Republican Party (United States)>Right-wing politics";"Roscoe Bartlett>Theology>Secularism";"Roscoe Bartlett>Maryland>Nation state>Socialism";"Roscoe Bartlett>Maryland>North Carolina>White supremacy"
"Elijah Cummings (D)";"Elijah Cummings>Libertarian Party (United States)>Anarchism";"Elijah Cummings>Maryland>Racial segregation>Antisemitism";"Elijah Cummings>Libertarian Party (United States)>Capitalism";"Elijah Cummings>Maryland>Belgium>Christianity";"Elijah Cummings>Maryland>Thomas More>Communism";"Elijah Cummings>Republican Party (United States)>Conservatism";"Elijah Cummings>Political science>Democracy";"Elijah Cummings>Republican Party (United States)>Fascism";"Elijah Cummings>Maryland>Racial segregation>Feminism";"Elijah Cummings>Maryland>Toleration>Islamophobia";"Elijah Cummings>Maryland>World War II>Left-wing politics";"Elijah Cummings>Maryland>American Revolution>Liberalism";"Elijah Cummings>Maryland>Industrial Revolution>Marxism";"Elijah Cummings>Maryland>Nation state>Nationalism";"Elijah Cummings>Democratic Party (United States)>White supremacy>Neo-Nazism";"Elijah Cummings>Maryland>Delaware>Protestantism";"Elijah Cummings>Republican Party (United States)>Right-wing politics";"Elijah Cummings>Maryland>American Revolution>Secularism";"Elijah Cummings>Maryland>Nation state>Socialism";"Elijah Cummings>Maryland>North Carolina>White supremacy"
"Chris Van Hollen (D)";"Chris Van Hollen>Democratic Senatorial Campaign Committee>Bob Kerrey>Anarchism";"Chris Van Hollen>Chuck Schumer>The New York Times>Antisemitism";"Chris Van Hollen>Afghanistan>Capitalism";"Chris Van Hollen>Democratic Senatorial Campaign Committee>Alaska>Christianity";"Chris Van Hollen>Afghanistan>Communism";"Chris Van Hollen>Republican Party (United States)>Conservatism";"Chris Van Hollen>Netherlands>Democracy";"Chris Van Hollen>Afghanistan>Fascism";"Chris Van Hollen>Chuck Schumer>Roe v. Wade>Feminism";"Chris Van Hollen>Democratic Senatorial Campaign Committee>Loretta Sanchez>Islamophobia";"Chris Van Hollen>Chuck Schumer>Rush Limbaugh>Left-wing politics";"Chris Van Hollen>Netherlands>Liberalism";"Chris Van Hollen>Sri Lanka>Marxism";"Chris Van Hollen>Afghanistan>Nationalism";"Chris Van Hollen>Nancy Pelosi>American Civil Liberties Union>Neo-Nazism";"Chris Van Hollen>Democratic Senatorial Campaign Committee>Montana>Protestantism";"Chris Van Hollen>Sri Lanka>Right-wing politics";"Chris Van Hollen>Chuck Schumer>Theocracy>Secularism";"Chris Van Hollen>Democratic Senatorial Campaign Committee>Montana>Socialism";"Chris Van Hollen>Afghanistan>White supremacy"
"John Olver (D)";"John Olver>Massachusetts>Industrial Revolution>Anarchism";"John Olver>The New York Times>Antisemitism";"John Olver>Massachusetts>Trade>Capitalism";"John Olver>Massachusetts>Church of England>Christianity";"John Olver>Massachusetts>Industrial Revolution>Communism";"John Olver>Republican Party (United States)>Conservatism";"John Olver>Massachusetts>American Revolution>Democracy";"John Olver>Republican Party (United States)>Fascism";"John Olver>Massachusetts>History of the United States>Feminism";"John Olver>111th United States Congress>Loretta Sanchez>Islamophobia";"John Olver>Massachusetts>World War II>Left-wing politics";"John Olver>Massachusetts>Industrial Revolution>Liberalism";"John Olver>Massachusetts>Industrial Revolution>Marxism";"John Olver>Massachusetts>World War II>Nationalism";"John Olver>111th United States Congress>Steve King>Neo-Nazism";"John Olver>Massachusetts>Monarchy>Protestantism";"John Olver>Republican Party (United States)>Right-wing politics";"John Olver>Massachusetts>American Revolution>Secularism";"John Olver>Massachusetts>Industrial Revolution>Socialism";"John Olver>111th United States Congress>Lyndon B. Johnson>White supremacy"
"Barney Frank (D)";"Barney Frank>Left-wing politics>Anarchism";"Barney Frank>Bible>Antisemitism";"Barney Frank>Left-wing politics>Capitalism";"Barney Frank>African Americans>Christianity";"Barney Frank>American Civil Liberties Union>Communism";"Barney Frank>Dana Rohrabacher>Conservatism";"Barney Frank>Conservatism>Democracy";"Barney Frank>Conservatism>Fascism";"Barney Frank>Conservatism>Feminism";"Barney Frank>Affirmative action>Islamophobia";"Barney Frank>Conservatism>Left-wing politics";"Barney Frank>Conservatism>Liberalism";"Barney Frank>Free market>Marxism";"Barney Frank>Conservatism>Nationalism";"Barney Frank>American Civil Liberties Union>Neo-Nazism";"Barney Frank>African Americans>Protestantism";"Barney Frank>Conservatism>Right-wing politics";"Barney Frank>Conservatism>Secularism";"Barney Frank>Conservatism>Socialism";"Barney Frank>African Americans>White supremacy"
"Niki Tsongas (D)";"Niki Tsongas>Massachusetts>Industrial Revolution>Anarchism";"Niki Tsongas>The New York Times>Antisemitism";"Niki Tsongas>Afghanistan>Capitalism";"Niki Tsongas>Massachusetts>Church of England>Christianity";"Niki Tsongas>Afghanistan>Communism";"Niki Tsongas>Massachusetts>Republican Party (United States)>Conservatism";"Niki Tsongas>Massachusetts>American Revolution>Democracy";"Niki Tsongas>Afghanistan>Fascism";"Niki Tsongas>LGBT>Feminism";"Niki Tsongas>Massachusetts>History of the United States>Islamophobia";"Niki Tsongas>Ronald Reagan>Left-wing politics";"Niki Tsongas>Massachusetts>Industrial Revolution>Liberalism";"Niki Tsongas>Massachusetts>Industrial Revolution>Marxism";"Niki Tsongas>Afghanistan>Nationalism";"Niki Tsongas>Democratic Party (United States)>White supremacy>Neo-Nazism";"Niki Tsongas>Japan>Protestantism";"Niki Tsongas>Ronald Reagan>Right-wing politics";"Niki Tsongas>Massachusetts>American Revolution>Secularism";"Niki Tsongas>Massachusetts>Industrial Revolution>Socialism";"Niki Tsongas>Afghanistan>White supremacy"
"John F. Tierney (D)";"John F. Tierney>Libertarian Party (United States)>Anarchism";"John F. Tierney>Massachusetts>The New York Times>Antisemitism";"John F. Tierney>Libertarian Party (United States)>Capitalism";"John F. Tierney>Antigua and Barbuda>Christianity";"John F. Tierney>Massachusetts>Industrial Revolution>Communism";"John F. Tierney>Republican Party (United States)>Conservatism";"John F. Tierney>Political science>Democracy";"John F. Tierney>Republican Party (United States)>Fascism";"John F. Tierney>LGBT>Feminism";"John F. Tierney>Massachusetts>History of the United States>Islamophobia";"John F. Tierney>Massachusetts>World War II>Left-wing politics";"John F. Tierney>Massachusetts>Industrial Revolution>Liberalism";"John F. Tierney>Pakistan>Marxism";"John F. Tierney>Massachusetts>World War II>Nationalism";"John F. Tierney>Democratic Party (United States)>White supremacy>Neo-Nazism";"John F. Tierney>Massachusetts>Monarchy>Protestantism";"John F. Tierney>Republican Party (United States)>Right-wing politics";"John F. Tierney>Massachusetts>American Revolution>Secularism";"John F. Tierney>Massachusetts>Industrial Revolution>Socialism";"John F. Tierney>Massachusetts>History of the United States>White supremacy"
"Ed Markey (D)";"Ed Markey>Massachusetts>Industrial Revolution>Anarchism";"Ed Markey>The New York Times>Antisemitism";"Ed Markey>Massachusetts>Trade>Capitalism";"Ed Markey>Bali>Christianity";"Ed Markey>Massachusetts>Industrial Revolution>Communism";"Ed Markey>Republican Party (United States)>Conservatism";"Ed Markey>Massachusetts>American Revolution>Democracy";"Ed Markey>Republican Party (United States)>Fascism";"Ed Markey>Massachusetts>History of the United States>Feminism";"Ed Markey>Massachusetts>History of the United States>Islamophobia";"Ed Markey>Massachusetts>World War II>Left-wing politics";"Ed Markey>Massachusetts>Industrial Revolution>Liberalism";"Ed Markey>Massachusetts>Industrial Revolution>Marxism";"Ed Markey>Massachusetts>World War II>Nationalism";"Ed Markey>Elizabeth Warren>Michael Moore>Neo-Nazism";"Ed Markey>Massachusetts>Monarchy>Protestantism";"Ed Markey>Republican Party (United States)>Right-wing politics";"Ed Markey>Massachusetts>American Revolution>Secularism";"Ed Markey>Massachusetts>Industrial Revolution>Socialism";"Ed Markey>Vietnam War>White supremacy"
"Mike Capuano (D)";"Mike Capuano>Italian Americans>Anarchism";"Mike Capuano>The New York Times>Antisemitism";"Mike Capuano>Documentary film>Capitalism";"Mike Capuano>Massachusetts>Church of England>Christianity";"Mike Capuano>Massachusetts>Industrial Revolution>Communism";"Mike Capuano>Republican Party (United States)>Conservatism";"Mike Capuano>Korea>Democracy";"Mike Capuano>Republican Party (United States)>Fascism";"Mike Capuano>Massachusetts>History of the United States>Feminism";"Mike Capuano>Massachusetts>History of the United States>Islamophobia";"Mike Capuano>World War II>Left-wing politics";"Mike Capuano>Massachusetts>Industrial Revolution>Liberalism";"Mike Capuano>Sudan>Marxism";"Mike Capuano>World War II>Nationalism";"Mike Capuano>Democratic Party (United States)>White supremacy>Neo-Nazism";"Mike Capuano>Massachusetts>Monarchy>Protestantism";"Mike Capuano>Republican Party (United States)>Right-wing politics";"Mike Capuano>Massachusetts>American Revolution>Secularism";"Mike Capuano>Massachusetts>Industrial Revolution>Socialism";"Mike Capuano>Massachusetts>History of the United States>White supremacy"
"William R. Keating (D)";"Bill Keating (politician)>Massachusetts>Industrial Revolution>Anarchism";"Bill Keating (politician)>Osama bin Laden>Antisemitism";"Bill Keating (politician)>Ronald Reagan>Capitalism";"Bill Keating (politician)>Massachusetts>Church of England>Christianity";"Bill Keating (politician)>Massachusetts>Industrial Revolution>Communism";"Bill Keating (politician)>Republican Party (United States)>Conservatism";"Bill Keating (politician)>Osama bin Laden>Democracy";"Bill Keating (politician)>Ronald Reagan>Fascism";"Bill Keating (politician)>Massachusetts>History of the United States>Feminism";"Bill Keating (politician)>Racial profiling>Islamophobia";"Bill Keating (politician)>Ronald Reagan>Left-wing politics";"Bill Keating (politician)>Massachusetts>Industrial Revolution>Liberalism";"Bill Keating (politician)>Massachusetts>Industrial Revolution>Marxism";"Bill Keating (politician)>Massachusetts>World War II>Nationalism";"Bill Keating (politician)>Democratic Party (United States)>White supremacy>Neo-Nazism";"Bill Keating (politician)>Massachusetts>Monarchy>Protestantism";"Bill Keating (politician)>Ronald Reagan>Right-wing politics";"Bill Keating (politician)>Massachusetts>American Revolution>Secularism";"Bill Keating (politician)>Massachusetts>Industrial Revolution>Socialism";"Bill Keating (politician)>Ronald Reagan>White supremacy"
"Dan Benishek (R)";"Dan Benishek>Libertarian Party (United States)>Anarchism";"Dan Benishek>The New York Times>Antisemitism";"Dan Benishek>Libertarian Party (United States)>Capitalism";"Dan Benishek>Republican Party (United States)>Capitalism>Christianity";"Dan Benishek>Republican Party (United States)>Free market>Communism";"Dan Benishek>Republican Party (United States)>Conservatism";"Dan Benishek>Republican Party (United States)>American Revolution>Democracy";"Dan Benishek>Republican Party (United States)>Fascism";"Dan Benishek>Republican Party (United States)>Affirmative action>Feminism";"Dan Benishek>Republican Party (United States)>Affirmative action>Islamophobia";"Dan Benishek>University of Michigan>Left-wing politics";"Dan Benishek>Republican Party (United States)>Two-party system>Liberalism";"Dan Benishek>Republican Party (United States)>Free market>Marxism";"Dan Benishek>Republican Party (United States)>Free market>Nationalism";"Dan Benishek>United States House of Representatives>List of political parties in the United States>Neo-Nazism";"Dan Benishek>Jack Bergman>California>Protestantism";"Dan Benishek>Republican Party (United States)>Right-wing politics";"Dan Benishek>Republican Party (United States)>American Revolution>Secularism";"Dan Benishek>Republican Party (United States)>Classical liberalism>Socialism";"Dan Benishek>Republican Party (United States)>Abraham Lincoln>White supremacy"
"Bill Huizenga (R)";"Bill Huizenga>Pete Hoekstra>Libertarian Party (United States)>Anarchism";"Bill Huizenga>The New York Times>Antisemitism";"Bill Huizenga>Michigan>American Revolution>Capitalism";"Bill Huizenga>Michigan>African Americans>Christianity";"Bill Huizenga>Michigan>George H. W. Bush>Communism";"Bill Huizenga>Republican Party (United States)>Conservatism";"Bill Huizenga>Michigan>American Revolution>Democracy";"Bill Huizenga>Republican Party (United States)>Fascism";"Bill Huizenga>Zeeland, Michigan>Marriage>Feminism";"Bill Huizenga>Pete Hoekstra>Steven Emerson>Islamophobia";"Bill Huizenga>Michigan>University of Michigan>Left-wing politics";"Bill Huizenga>Michigan>American Revolution>Liberalism";"Bill Huizenga>Michigan>Christianity>Marxism";"Bill Huizenga>Michigan>World War II>Nationalism";"Bill Huizenga>Michigan>Henry Ford>Neo-Nazism";"Bill Huizenga>Michigan>Manitoba>Protestantism";"Bill Huizenga>Republican Party (United States)>Right-wing politics";"Bill Huizenga>Michigan>American Revolution>Secularism";"Bill Huizenga>Michigan>Christianity>Socialism";"Bill Huizenga>Michigan>Louisiana>White supremacy"