"";"Asmara";"Accra";"Kuala Lumpur";"Maputo";"Khartoum";"Harare";"Manila";"Riyadh";"Tashkent";"Hanoi";"Zagreb";"Rome";"Bucharest";"Madrid";"Bern";"Ottawa";"Port-au-Prince";"Amsterdam";"Kingstown";"Washington D.C.";"Canberra";"South Tarawa";"Wellington";"Honiara";"Port Vila";"Sucre";"Quito";"Georgetown Guyana";"Paramaribo";"Caracas"
"Eritrea";"Eritrea>History of Eritrea>Asmara";"Eritrea>Brazil>Accra";"Eritrea>Curry>Kuala Lumpur";"Eritrea>Addis Ababa>Maputo";"Eritrea>Sudan>Khartoum";"Eritrea>Ark of the Covenant>Harare";"Eritrea>World Health Organization>Manila";"Eritrea>Mecca>Riyadh";"Eritrea>Soviet Union>Tashkent";"Eritrea>Christianity>Asia>Hanoi";"Eritrea>Addis Ababa>Ankara>Zagreb";"Eritrea>Greek language>Rome";"Eritrea>Addis Ababa>Ankara>Bucharest";"Eritrea>United Nations>Madrid";"Eritrea>United Nations>Bern";"Eritrea>China>Foreign relations of Armenia>Ottawa";"Eritrea>Brazil>Foreign relations of Brazil>Port-au-Prince";"Eritrea>Tour de France>Amsterdam";"Eritrea>Brazil>Mexico City>Kingstown";"Eritrea>Arabic>Washington, D.C.";"Eritrea>Christianity>Art>Canberra";"Eritrea>India>Kiribati>South Tarawa";"Eritrea>North Korea>Appellate court>Wellington";"Eritrea>World War II>Darwin, Northern Territory>Honiara";"Eritrea>United Nations>New Caledonia>Port Vila";"Eritrea>Malaria>Andes>Sucre";"Eritrea>Malaria>Andes>Quito";"Eritrea>Brazil>Brasília>Georgetown, Guyana";"Eritrea>Brazil>Foreign relations of Brazil>Paramaribo";"Eritrea>Venezuela>Caracas"
"Ghana";"Ghana>Sub-Saharan Africa>Asmara";"Ghana>Brazil>Accra";"Ghana>Vancouver>Kuala Lumpur";"Ghana>Sub-Saharan Africa>Maputo";"Ghana>Sub-Saharan Africa>Khartoum";"Ghana>Sub-Saharan Africa>Harare";"Ghana>Hanoi>Manila";"Ghana>Hanoi>Riyadh";"Ghana>Hanoi>Tashkent";"Ghana>Hanoi";"Ghana>Republic>Ankara>Zagreb";"Ghana>Biotechnology>Rome";"Ghana>Kwame Nkrumah>Bucharest";"Ghana>FIFA World Cup>Madrid";"Ghana>FIFA World Cup>Bern";"Ghana>Taiwan>Foreign relations of Armenia>Ottawa";"Ghana>Tropical climate>Port-au-Prince";"Ghana>FIFA World Cup>Amsterdam";"Ghana>Brazil>Mexico City>Kingstown";"Ghana>Taiwan>Washington, D.C.";"Ghana>Black people>Canberra";"Ghana>Botswana>Kiribati>South Tarawa";"Ghana>Head of government>Wellington";"Ghana>Tropical climate>Honiara";"Ghana>French language>Foreign relations of France>Port Vila";"Ghana>Age of Discovery>Sucre";"Ghana>Capital city>Quito";"Ghana>Capital city>Georgetown, Guyana";"Ghana>Tropical climate>Paramaribo";"Ghana>Sub-Saharan Africa>Andes>Caracas"
"Malaysia";"Malaysia>World Heritage site>Asmara";"Malaysia>Food and Agriculture Organization>Accra";"Malaysia>Concrete>Kuala Lumpur";"Malaysia>Tropical climate>Maputo";"Malaysia>Food and Agriculture Organization>Ankara>Khartoum";"Malaysia>Food and Agriculture Organization>Harare";"Malaysia>Brunei>Manila";"Malaysia>Kuala Lumpur>Riyadh";"Malaysia>Kuala Lumpur>Tashkent";"Malaysia>Kuala Lumpur>Hanoi";"Malaysia>Food and Agriculture Organization>Ankara>Zagreb";"Malaysia>Food and Agriculture Organization>Rome";"Malaysia>Food and Agriculture Organization>Ankara>Bucharest";"Malaysia>Borneo>Madrid";"Malaysia>Commuter rail>Bern";"Malaysia>Labour Day>Ottawa";"Malaysia>Tropical climate>Port-au-Prince";"Malaysia>FIFA World Cup>Amsterdam";"Malaysia>Commuter rail>Mexico City>Kingstown";"Malaysia>Head of state>Abraham Lincoln>Washington, D.C.";"Malaysia>New South Wales>Canberra";"Malaysia>Oceania>South Tarawa";"Malaysia>Labour Day>Wellington";"Malaysia>Oceania>Honiara";"Malaysia>Oceania>Port Vila";"Malaysia>Micronesia>Andes>Sucre";"Malaysia>Micronesia>Andes>Quito";"Malaysia>Tropical climate>Georgetown, Guyana";"Malaysia>Tropical climate>Paramaribo";"Malaysia>Micronesia>Andes>Caracas"
"Mozambique";"Mozambique>Maputo>Asmara";"Mozambique>Afrobeat>Accra";"Mozambique>Non-Aligned Movement>Kuala Lumpur";"Mozambique>Lisbon>Maputo";"Mozambique>Organisation of African Unity>Khartoum";"Mozambique>Rhodesia>Harare";"Mozambique>Lisbon>Manila";"Mozambique>Organisation of Islamic Cooperation>Riyadh";"Mozambique>Soviet Union>Tashkent";"Mozambique>Organisation internationale de la Francophonie>Hanoi";"Mozambique>Europe>Zagreb";"Mozambique>Europe>Rome";"Mozambique>Europe>Bucharest";"Mozambique>Europe>Madrid";"Mozambique>Europe>Bern";"Mozambique>Mozambique Defence Armed Forces>Armored car (military)>Ottawa";"Mozambique>Brazil>Foreign relations of Brazil>Port-au-Prince";"Mozambique>Europe>Amsterdam";"Mozambique>Finland>Foreign relations of Finland>Kingstown";"Mozambique>Suffrage>Washington, D.C.";"Mozambique>Rhodesia>Canberra";"Mozambique>Reggae>Honolulu>South Tarawa";"Mozambique>Norway>Appellate court>Wellington";"Mozambique>Cuba>Foreign relations of Cuba>Honiara";"Mozambique>Reggae>Honolulu>Port Vila";"Mozambique>Europe>Andes>Sucre";"Mozambique>Lisbon>Quito";"Mozambique>Brazil>Brasília>Georgetown, Guyana";"Mozambique>Brazil>Foreign relations of Brazil>Paramaribo";"Mozambique>Lisbon>Caracas"
"Sudan";"Sudan>Coptic Orthodox Church of Alexandria>Asmara";"Sudan>Khartoum>Accra";"Sudan>British Empire>Asia>Kuala Lumpur";"Sudan>Khartoum>Maputo";"Sudan>Chad>Khartoum";"Sudan>Khartoum>Harare";"Sudan>British Empire>Asia>Manila";"Sudan>Khartoum>Riyadh";"Sudan>Torture>Tashkent";"Sudan>Basketball>Hanoi";"Sudan>Europe>Zagreb";"Sudan>Europe>Rome";"Sudan>Europe>Bucharest";"Sudan>Europe>Madrid";"Sudan>Europe>Bern";"Sudan>Parliament>Ottawa";"Sudan>Algeria>Cholera>Port-au-Prince";"Sudan>Democracy>Amsterdam";"Sudan>International Crisis Group>Guatemala City>Kingstown";"Sudan>Arabic>Washington, D.C.";"Sudan>Black people>Canberra";"Sudan>British Empire>Kiribati>South Tarawa";"Sudan>Militia>Wellington";"Sudan>Christianity>Oceania>Honiara";"Sudan>France>Foreign relations of France>Port Vila";"Sudan>Agriculture>Andes>Sucre";"Sudan>State of emergency>Quito";"Sudan>Khartoum>Brasília>Georgetown, Guyana";"Sudan>Khartoum>Brasília>Paramaribo";"Sudan>Agriculture>Andes>Caracas"
"Zimbabwe";"Zimbabwe>Harare>Asmara";"Zimbabwe>Mozambique>Accra";"Zimbabwe>Netball>Kuala Lumpur";"Zimbabwe>Mozambique>Maputo";"Zimbabwe>Sudan>Khartoum";"Zimbabwe>Rhodesia>Harare";"Zimbabwe>World Health Organization>Manila";"Zimbabwe>British Empire>Asia>Riyadh";"Zimbabwe>Soviet Union>Tashkent";"Zimbabwe>British Empire>Asia>Hanoi";"Zimbabwe>British Airways>Zagreb";"Zimbabwe>Europe>Rome";"Zimbabwe>Europe>Bucharest";"Zimbabwe>British Airways>Madrid";"Zimbabwe>Europe>Bern";"Zimbabwe>Lufthansa>BMW>Ottawa";"Zimbabwe>Cholera>Port-au-Prince";"Zimbabwe>Europe>Amsterdam";"Zimbabwe>Andy Flower>Brian Lara>Kingstown";"Zimbabwe>USA Today>Washington, D.C.";"Zimbabwe>Netball>Canberra";"Zimbabwe>Botswana>Kiribati>South Tarawa";"Zimbabwe>Rhodesia>Appellate court>Wellington";"Zimbabwe>Europe>Oceania>Honiara";"Zimbabwe>Deforestation>New Caledonia>Port Vila";"Zimbabwe>Europe>Andes>Sucre";"Zimbabwe>Europe>Andes>Quito";"Zimbabwe>Andy Flower>Brian Lara>Georgetown, Guyana";"Zimbabwe>Agence France-Presse>Brasília>Paramaribo";"Zimbabwe>Lufthansa>Caracas"
"Philippines";"Philippines>Art Deco>Asmara";"Philippines>Food and Agriculture Organization>Accra";"Philippines>Asia>Kuala Lumpur";"Philippines>United Nations>Algiers>Maputo";"Philippines>Asia>Ankara>Khartoum";"Philippines>Food and Agriculture Organization>Harare";"Philippines>Asia>Manila";"Philippines>Asia>Riyadh";"Philippines>Asia>Tashkent";"Philippines>Asia>Hanoi";"Philippines>German language>Zagreb";"Philippines>Food and Agriculture Organization>Rome";"Philippines>Asia>Ankara>Bucharest";"Philippines>Baroque>Madrid";"Philippines>United Nations>Bern";"Philippines>Americas>Ottawa";"Philippines>Earthquake>Port-au-Prince";"Philippines>Cycling>Amsterdam";"Philippines>Americas>Kingstown";"Philippines>Arabic>Washington, D.C.";"Philippines>Head of government>Canberra";"Philippines>Hawaii>Honolulu>South Tarawa";"Philippines>Art Deco>Wellington";"Philippines>Spanish-American War>Foreign relations of Cuba>Honiara";"Philippines>French language>Foreign relations of France>Port Vila";"Philippines>Americas>Sucre";"Philippines>Americas>Quito";"Philippines>Americas>Georgetown, Guyana";"Philippines>Americas>Paramaribo";"Philippines>Mandolin>Caracas"
"Saudi Arabia";"Saudi Arabia>Cairo>Asmara";"Saudi Arabia>Cairo>Accra";"Saudi Arabia>Asia>Kuala Lumpur";"Saudi Arabia>Cairo>Maputo";"Saudi Arabia>Baghdad>Khartoum";"Saudi Arabia>Cairo>Harare";"Saudi Arabia>Asia>Manila";"Saudi Arabia>Asia>Riyadh";"Saudi Arabia>Asia>Tashkent";"Saudi Arabia>Asia>Hanoi";"Saudi Arabia>Europe>Zagreb";"Saudi Arabia>Europe>Rome";"Saudi Arabia>Europe>Bucharest";"Saudi Arabia>Europe>Madrid";"Saudi Arabia>Europe>Bern";"Saudi Arabia>Cairo>Ottawa";"Saudi Arabia>China>Foreign relations of Brazil>Port-au-Prince";"Saudi Arabia>Europe>Amsterdam";"Saudi Arabia>Asia>North America>Kingstown";"Saudi Arabia>Arabic>Washington, D.C.";"Saudi Arabia>Christianity>Art>Canberra";"Saudi Arabia>Asia>Kiribati>South Tarawa";"Saudi Arabia>Roman Empire>Appellate court>Wellington";"Saudi Arabia>Asia>Oceania>Honiara";"Saudi Arabia>France>Foreign relations of France>Port Vila";"Saudi Arabia>Asia>Andes>Sucre";"Saudi Arabia>OPEC>Quito";"Saudi Arabia>Agence France-Presse>Brasília>Georgetown, Guyana";"Saudi Arabia>China>Foreign relations of Brazil>Paramaribo";"Saudi Arabia>Arab League>Caracas"
"Uzbekistan";"Uzbekistan>United Nations>Algiers>Asmara";"Uzbekistan>Washington, D.C.>Accra";"Uzbekistan>Organisation of Islamic Cooperation>Kuala Lumpur";"Uzbekistan>United Nations>Algiers>Maputo";"Uzbekistan>Organization for Security and Co-operation in Europe>Ankara>Khartoum";"Uzbekistan>United Nations>Algiers>Harare";"Uzbekistan>Guam>Manila";"Uzbekistan>Organisation of Islamic Cooperation>Riyadh";"Uzbekistan>Central Asia>Tashkent";"Uzbekistan>Basketball>Hanoi";"Uzbekistan>European Union>Zagreb";"Uzbekistan>European Union>Rome";"Uzbekistan>European Union>Bucharest";"Uzbekistan>European Union>Madrid";"Uzbekistan>Organization for Security and Co-operation in Europe>Bern";"Uzbekistan>Organization for Security and Co-operation in Europe>Ottawa";"Uzbekistan>Medecins Sans Frontieres>Port-au-Prince";"Uzbekistan>European Union>Amsterdam";"Uzbekistan>Washington, D.C.>Kingstown";"Uzbekistan>Washington, D.C.";"Uzbekistan>Independent city>Canberra";"Uzbekistan>Independent city>Honolulu>South Tarawa";"Uzbekistan>Russian Empire>Appellate court>Wellington";"Uzbekistan>Solar energy>Darwin, Northern Territory>Honiara";"Uzbekistan>Independent city>Honolulu>Port Vila";"Uzbekistan>Agriculture>Andes>Sucre";"Uzbekistan>Astronomy>Quito";"Uzbekistan>Independent city>Brasília>Georgetown, Guyana";"Uzbekistan>Russia>Foreign relations of Brazil>Paramaribo";"Uzbekistan>Independent city>Caracas"
"Vietnam";"Vietnam>World Heritage site>Asmara";"Vietnam>PricewaterhouseCoopers>Accra";"Vietnam>Singapore>Kuala Lumpur";"Vietnam>French Foreign Legion>Algiers>Maputo";"Vietnam>Mongolia>Ankara>Khartoum";"Vietnam>Non-Aligned Movement>Harare";"Vietnam>Philippines>Manila";"Vietnam>Singapore>Riyadh";"Vietnam>Pakistan>Tashkent";"Vietnam>Agent Orange>Hanoi";"Vietnam>European Union>Zagreb";"Vietnam>European Union>Rome";"Vietnam>European Union>Bucharest";"Vietnam>European Union>Madrid";"Vietnam>Socialism>Bern";"Vietnam>Mongolia>Ottawa";"Vietnam>China>Foreign relations of Brazil>Port-au-Prince";"Vietnam>European Union>Amsterdam";"Vietnam>Holy See>Foreign relations of Finland>Kingstown";"Vietnam>Hmong people>Washington, D.C.";"Vietnam>Mongolia>Canberra";"Vietnam>Indonesia>Kiribati>South Tarawa";"Vietnam>Thailand>Wellington";"Vietnam>Cuba>Foreign relations of Cuba>Honiara";"Vietnam>French language>Foreign relations of France>Port Vila";"Vietnam>Capital city>Sucre";"Vietnam>Capital city>Quito";"Vietnam>Capital city>Georgetown, Guyana";"Vietnam>China>Foreign relations of Brazil>Paramaribo";"Vietnam>Foreign relations of Vietnam>Caracas"
"Croatia";"Croatia>Italian language>Asmara";"Croatia>Koppen climate classification>Accra";"Croatia>Tourism>Kuala Lumpur";"Croatia>Koppen climate classification>Maputo";"Croatia>Koppen climate classification>Khartoum";"Croatia>Koppen climate classification>Harare";"Croatia>Royal Navy>Manila";"Croatia>Central Europe>Asia>Riyadh";"Croatia>Organization for Security and Co-operation in Europe>Tashkent";"Croatia>Richard Nixon>Hanoi";"Croatia>Austria-Hungary>Zagreb";"Croatia>Dialect>Rome";"Croatia>Austria-Hungary>Bucharest";"Croatia>Baroque>Madrid";"Croatia>La Tène culture>Bern";"Croatia>Organization for Security and Co-operation in Europe>Ottawa";"Croatia>Koppen climate classification>Port-au-Prince";"Croatia>European Union>Amsterdam";"Croatia>Koppen climate classification>Guatemala City>Kingstown";"Croatia>Richard Nixon>Washington, D.C.";"Croatia>Vienna>Canberra";"Croatia>Central Europe>Kiribati>South Tarawa";"Croatia>Roman Empire>Appellate court>Wellington";"Croatia>Koppen climate classification>Honiara";"Croatia>French language>Foreign relations of France>Port Vila";"Croatia>Central Europe>Andes>Sucre";"Croatia>Baroque architecture>Quito";"Croatia>Koppen climate classification>Georgetown, Guyana";"Croatia>Koppen climate classification>Paramaribo";"Croatia>Richard Nixon>Caracas"
"Italy";"Italy>Foreign relations of Italy>Asmara";"Italy>Portugal>Accra";"Italy>Far East>Kuala Lumpur";"Italy>Portugal>Maputo";"Italy>List of oldest universities in continuous operation>Khartoum";"Italy>List of oldest universities in continuous operation>Harare";"Italy>Far East>Manila";"Italy>Middle East>Riyadh";"Italy>Organization for Security and Co-operation in Europe>Tashkent";"Italy>Basketball>Hanoi";"Italy>Albanians>Zagreb";"Italy>Albania>Rome";"Italy>Albanians>Bucharest";"Italy>European Union>Madrid";"Italy>FIFA World Cup>Bern";"Italy>Foreign relations of Italy>Ottawa";"Italy>Koppen climate classification>Port-au-Prince";"Italy>Antonio Vivaldi>Amsterdam";"Italy>Holy See>Foreign relations of Finland>Kingstown";"Italy>Arabic>Washington, D.C.";"Italy>Foreign relations of Italy>Canberra";"Italy>Balkans>Kiribati>South Tarawa";"Italy>Foreign relations of Italy>Wellington";"Italy>Koppen climate classification>Honiara";"Italy>Charlemagne>Foreign relations of France>Port Vila";"Italy>Age of Discovery>Sucre";"Italy>Geographic coordinate system>Quito";"Italy>Koppen climate classification>Georgetown, Guyana";"Italy>Koppen climate classification>Paramaribo";"Italy>Foreign relations of Italy>Caracas"
"Romania";"Romania>Italian language>Asmara";"Romania>Portuguese language>Angola>Accra";"Romania>Winter Olympic Games>Kuala Lumpur";"Romania>Catalan language>Algiers>Maputo";"Romania>Arab world>Khartoum";"Romania>Tristan Tzara>Harare";"Romania>Royal Navy>Manila";"Romania>Wolf>Riyadh";"Romania>October Revolution>Tashkent";"Romania>Basketball>Hanoi";"Romania>Austria-Hungary>Zagreb";"Romania>Diego Maradona>Rome";"Romania>Austria-Hungary>Bucharest";"Romania>Brown bear>Madrid";"Romania>Brown bear>Bern";"Romania>Laser>Ottawa";"Romania>China>Foreign relations of Brazil>Port-au-Prince";"Romania>Baptists>Amsterdam";"Romania>Diego Maradona>Mexico City>Kingstown";"Romania>European Union>Washington, D.C.";"Romania>Tuberculosis>Art>Canberra";"Romania>Balkans>Kiribati>South Tarawa";"Romania>Roman Empire>Appellate court>Wellington";"Romania>World War II>Darwin, Northern Territory>Honiara";"Romania>French language>Foreign relations of France>Port Vila";"Romania>Balkans>Andes>Sucre";"Romania>Balkans>Andes>Quito";"Romania>FIFA World Cup>Brasília>Georgetown, Guyana";"Romania>Benjamin Adegbuyi>Paramaribo";"Romania>Diego Maradona>Caracas"
"Spain";"Spain>Sub-Saharan Africa>Asmara";"Spain>Brazil>Accra";"Spain>Jerusalem>Kuala Lumpur";"Spain>Portugal>Maputo";"Spain>Sub-Saharan Africa>Khartoum";"Spain>Sub-Saharan Africa>Harare";"Spain>Al-Qaeda>Manila";"Spain>Andalusia>Riyadh";"Spain>Jerusalem>Tashkent";"Spain>Basketball>Hanoi";"Spain>Croatia>Zagreb";"Spain>Barcelona>Rome";"Spain>Andalusia>Bucharest";"Spain>Alicante>Madrid";"Spain>Basque language>Bern";"Spain>Federalism>Ottawa";"Spain>Hispaniola>Port-au-Prince";"Spain>Barcelona>Amsterdam";"Spain>San Salvador>Kingstown";"Spain>American Revolutionary War>Washington, D.C.";"Spain>International Brigades>Canberra";"Spain>Cyprus>Kiribati>South Tarawa";"Spain>Arthur Wellesley, 1st Duke of Wellington>Wellington";"Spain>Devolution>Honiara";"Spain>Women's suffrage>Port Vila";"Spain>Liberation theology>Sucre";"Spain>Society of Jesus>Quito";"Spain>Tropical climate>Georgetown, Guyana";"Spain>Tropical climate>Paramaribo";"Spain>Melilla>Caracas"
"Switzerland";"Switzerland>Italian language>Asmara";"Switzerland>Portugal>Accra";"Switzerland>Tourism>Kuala Lumpur";"Switzerland>Portugal>Maputo";"Switzerland>Brussels>Ankara>Khartoum";"Switzerland>Global city>Harare";"Switzerland>Tourism>Manila";"Switzerland>Chemical industry>Riyadh";"Switzerland>Mediterranean climate>Tashkent";"Switzerland>Axis powers>Hanoi";"Switzerland>Brussels>Zagreb";"Switzerland>Brussels>Rome";"Switzerland>Brussels>Bucharest";"Switzerland>Brussels>Madrid";"Switzerland>Albert Einstein>Bern";"Switzerland>Federalism>Ottawa";"Switzerland>Industrial Revolution>Cholera>Port-au-Prince";"Switzerland>Brussels>Amsterdam";"Switzerland>Holy See>Foreign relations of Finland>Kingstown";"Switzerland>Brussels>Washington, D.C.";"Switzerland>Suva>Canberra";"Switzerland>Suva>South Tarawa";"Switzerland>Suva>Wellington";"Switzerland>Suva>Honiara";"Switzerland>Suva>Port Vila";"Switzerland>Central Europe>Andes>Sucre";"Switzerland>Alphorn>Accordion>Quito";"Switzerland>Brussels>Brasília>Georgetown, Guyana";"Switzerland>National personification>Paramaribo";"Switzerland>Inversion (meteorology)>Caracas"
"Canada";"Canada>Italian language>Asmara";"Canada>Nova Scotia>Accra";"Canada>Asia>Kuala Lumpur";"Canada>Foreign relations of Canada>Maputo";"Canada>Queen Victoria>Khartoum";"Canada>Second Boer War>Harare";"Canada>Asia>Manila";"Canada>Asia>Riyadh";"Canada>Asia>Tashkent";"Canada>Asia>Hanoi";"Canada>German language>Zagreb";"Canada>Harold Alexander, 1st Earl Alexander of Tunis>Rome";"Canada>Asia>Ankara>Bucharest";"Canada>Central bank>Madrid";"Canada>United Nations>Bern";"Canada>Canada-United States relations>Ottawa";"Canada>Latin America>Port-au-Prince";"Canada>Cycling>Amsterdam";"Canada>North America>Kingstown";"Canada>Alaska>Washington, D.C.";"Canada>Oceania>Canberra";"Canada>Oceania>South Tarawa";"Canada>Oceania>Wellington";"Canada>Oceania>Honiara";"Canada>Oceania>Port Vila";"Canada>Latin America>Sucre";"Canada>Latin America>Quito";"Canada>Foreign relations of Canada>Georgetown, Guyana";"Canada>Foreign relations of Canada>Paramaribo";"Canada>Latin America>Caracas"
"Haiti";"Haiti>Sub-Saharan Africa>Asmara";"Haiti>Brazil>Accra";"Haiti>Tourism>Kuala Lumpur";"Haiti>Sub-Saharan Africa>Maputo";"Haiti>Sub-Saharan Africa>Khartoum";"Haiti>Sub-Saharan Africa>Harare";"Haiti>Tourism>Manila";"Haiti>China>Asia>Riyadh";"Haiti>China>Asia>Tashkent";"Haiti>Axis powers>Hanoi";"Haiti>Europe>Zagreb";"Haiti>Christmas>Rome";"Haiti>Christmas>Bucharest";"Haiti>Europe>Madrid";"Haiti>Europe>Bern";"Haiti>Jamaica>Ottawa";"Haiti>Dominican Republic>Port-au-Prince";"Haiti>Europe>Amsterdam";"Haiti>North America>Kingstown";"Haiti>American Civil War>Washington, D.C.";"Haiti>Recycling>Canberra";"Haiti>Europe>Kiribati>South Tarawa";"Haiti>Christmas>Arbor Day>Wellington";"Haiti>Cuba>Foreign relations of Cuba>Honiara";"Haiti>French language>Foreign relations of France>Port Vila";"Haiti>Latin America>Sucre";"Haiti>Latin America>Quito";"Haiti>South America>Georgetown, Guyana";"Haiti>South America>Paramaribo";"Haiti>Latin America>Caracas"
"Kingdom of the Netherlands";"Kingdom of the Netherlands>Amsterdam>World Heritage site>Asmara";"Kingdom of the Netherlands>Amsterdam>Dutch West India Company>Accra";"Kingdom of the Netherlands>Commonwealth Games>Kuala Lumpur";"Kingdom of the Netherlands>Amsterdam>Global city>Maputo";"Kingdom of the Netherlands>Amsterdam>Koppen climate classification>Khartoum";"Kingdom of the Netherlands>Amsterdam>Global city>Harare";"Kingdom of the Netherlands>Amsterdam>KLM>Manila";"Kingdom of the Netherlands>Amsterdam>Paris>Riyadh";"Kingdom of the Netherlands>Amsterdam>Koppen climate classification>Tashkent";"Kingdom of the Netherlands>Amsterdam>Dutch East India Company>Hanoi";"Kingdom of the Netherlands>Amsterdam>Zagreb";"Kingdom of the Netherlands>Amsterdam>Rome";"Kingdom of the Netherlands>Amsterdam>Bucharest";"Kingdom of the Netherlands>Amsterdam>Madrid";"Kingdom of the Netherlands>Amsterdam>Bern";"Kingdom of the Netherlands>Parliament>Ottawa";"Kingdom of the Netherlands>Willemstad>Port-au-Prince";"Kingdom of the Netherlands>European Union>Amsterdam";"Kingdom of the Netherlands>Lesser Antilles>Kingstown";"Kingdom of the Netherlands>Devolution>Washington, D.C.";"Kingdom of the Netherlands>Parliament>Canberra";"Kingdom of the Netherlands>Cook Islands>Kiribati>South Tarawa";"Kingdom of the Netherlands>Niue>Wellington";"Kingdom of the Netherlands>Devolution>Honiara";"Kingdom of the Netherlands>Netherlands>Women's suffrage>Port Vila";"Kingdom of the Netherlands>Paramaribo>Sucre";"Kingdom of the Netherlands>Paramaribo>Quito";"Kingdom of the Netherlands>Paramaribo>Georgetown, Guyana";"Kingdom of the Netherlands>Zeeland>Paramaribo";"Kingdom of the Netherlands>Paramaribo>Caracas"
"Saint Vincent and the Grenadines";"Saint Vincent and the Grenadines>Sub-Saharan Africa>Asmara";"Saint Vincent and the Grenadines>Madeira>Accra";"Saint Vincent and the Grenadines>London>Kuala Lumpur";"Saint Vincent and the Grenadines>Sub-Saharan Africa>Maputo";"Saint Vincent and the Grenadines>Sub-Saharan Africa>Khartoum";"Saint Vincent and the Grenadines>Sub-Saharan Africa>Harare";"Saint Vincent and the Grenadines>Anglicanism>Book of Common Prayer>Manila";"Saint Vincent and the Grenadines>Catholic Church>Jerusalem>Riyadh";"Saint Vincent and the Grenadines>Catholic Church>Jerusalem>Tashkent";"Saint Vincent and the Grenadines>London>Hanoi";"Saint Vincent and the Grenadines>London>Zagreb";"Saint Vincent and the Grenadines>Anglicanism>Eastern Orthodox Church>Rome";"Saint Vincent and the Grenadines>London>Bucharest";"Saint Vincent and the Grenadines>London>Madrid";"Saint Vincent and the Grenadines>London>Bern";"Saint Vincent and the Grenadines>Methodist>Lake Ontario>Ottawa";"Saint Vincent and the Grenadines>Caribbean Community>Port-au-Prince";"Saint Vincent and the Grenadines>Baptists>Amsterdam";"Saint Vincent and the Grenadines>Kingstown";"Saint Vincent and the Grenadines>Anglicanism>American Revolution>Washington, D.C.";"Saint Vincent and the Grenadines>Netball>Canberra";"Saint Vincent and the Grenadines>Madeira>Honolulu>South Tarawa";"Saint Vincent and the Grenadines>Methodist>Capital city>Wellington";"Saint Vincent and the Grenadines>Anglicanism>Solomon Islands>Honiara";"Saint Vincent and the Grenadines>Anglicanism>Vanuatu>Port Vila";"Saint Vincent and the Grenadines>Methodist>Capital city>Sucre";"Saint Vincent and the Grenadines>Methodist>Capital city>Quito";"Saint Vincent and the Grenadines>Caribbean Community>Georgetown, Guyana";"Saint Vincent and the Grenadines>Catholic Church>Americas>Paramaribo";"Saint Vincent and the Grenadines>Venezuela>Caracas"
"United States";"United States>World Heritage site>Asmara";"United States>Chicago>Accra";"United States>Asia>Kuala Lumpur";"United States>Portugal>Maputo";"United States>Theodore Roosevelt>Khartoum";"United States>Global city>Harare";"United States>Asia>Manila";"United States>Asia>Riyadh";"United States>Asia>Tashkent";"United States>Asia>Hanoi";"United States>Europe>Zagreb";"United States>Atlanta>Rome";"United States>Atlanta>Bucharest";"United States>Apple Inc.>Madrid";"United States>Albert Einstein>Bern";"United States>Canada-United States relations>Ottawa";"United States>Louisiana>Port-au-Prince";"United States>Atlanta>Amsterdam";"United States>North America>Kingstown";"United States>Washington, D.C.";"United States>Chicago>Art>Canberra";"United States>Atlanta>Honolulu>South Tarawa";"United States>Suburb>Wellington";"United States>Tropical climate>Honiara";"United States>Women's suffrage>Port Vila";"United States>Latin America>Sucre";"United States>Latin America>Quito";"United States>Suriname>Georgetown, Guyana";"United States>Suriname>Paramaribo";"United States>Chicago>Caracas"
"Australia";"Australia>Italian language>Asmara";"Australia>Foreign relations of Australia>Accra";"Australia>Australian Capital Territory>Kuala Lumpur";"Australia>United Nations>Algiers>Maputo";"Australia>Jakarta>Ankara>Khartoum";"Australia>Foreign relations of Australia>Harare";"Australia>Abel Tasman>Manila";"Australia>Jakarta>Riyadh";"Australia>Jakarta>Tashkent";"Australia>Jakarta>Hanoi";"Australia>Foreign relations of Australia>Zagreb";"Australia>FIFA World Cup>Rome";"Australia>Foreign relations of Australia>Bucharest";"Australia>FIFA World Cup>Madrid";"Australia>FIFA World Cup>Bern";"Australia>Federalism>Ottawa";"Australia>India>Foreign relations of Brazil>Port-au-Prince";"Australia>FIFA World Cup>Amsterdam";"Australia>Australian Capital Territory>Mexico City>Kingstown";"Australia>Australian Capital Territory>Washington, D.C.";"Australia>Adelaide>Canberra";"Australia>Kiribati>South Tarawa";"Australia>Oceania>Wellington";"Australia>Oceania>Honiara";"Australia>Oceania>Port Vila";"Australia>Outback>Andes>Sucre";"Australia>Modern art>Quito";"Australia>FIFA World Cup>Brasília>Georgetown, Guyana";"Australia>India>Foreign relations of Brazil>Paramaribo";"Australia>Outback>Andes>Caracas"
"Kiribati";"Kiribati>Independence>Africa>Asmara";"Kiribati>Maldives>Accra";"Kiribati>Commonwealth Games>Kuala Lumpur";"Kiribati>Tarawa>Koppen climate classification>Maputo";"Kiribati>Tarawa>Koppen climate classification>Khartoum";"Kiribati>Tarawa>Koppen climate classification>Harare";"Kiribati>Guangzhou>Manila";"Kiribati>English language>Organisation of Islamic Cooperation>Riyadh";"Kiribati>Tarawa>Koppen climate classification>Tashkent";"Kiribati>Guangzhou>Hanoi";"Kiribati>European Union>Zagreb";"Kiribati>European Union>Rome";"Kiribati>European Union>Bucharest";"Kiribati>European Union>Madrid";"Kiribati>United Nations>Bern";"Kiribati>Line Islands>Time zone>Ottawa";"Kiribati>Tarawa>Koppen climate classification>Port-au-Prince";"Kiribati>European Union>Amsterdam";"Kiribati>English language>Caribbean>Kingstown";"Kiribati>Taiwan>Washington, D.C.";"Kiribati>Kiritimati>Honolulu>Canberra";"Kiribati>South Tarawa";"Kiribati>Kiritimati>Honolulu>Wellington";"Kiribati>Australia and New Zealand Banking Group>Honiara";"Kiribati>Vanuatu>Port Vila";"Kiribati>Republic>South America>Sucre";"Kiribati>Line Islands>Time zone>Quito";"Kiribati>Tarawa>Koppen climate classification>Georgetown, Guyana";"Kiribati>Tarawa>Koppen climate classification>Paramaribo";"Kiribati>Kiritimati>Honolulu>Caracas"
"New Zealand";"New Zealand>United Nations>Algiers>Asmara";"New Zealand>Koppen climate classification>Accra";"New Zealand>Netball>Kuala Lumpur";"New Zealand>Koppen climate classification>Maputo";"New Zealand>Koppen climate classification>Khartoum";"New Zealand>Second Boer War>Harare";"New Zealand>Abel Tasman>Manila";"New Zealand>British Empire>Asia>Riyadh";"New Zealand>Freedom House>Tashkent";"New Zealand>Koppen climate classification>Hanoi";"New Zealand>Journalism>Amsterdam>Zagreb";"New Zealand>Missionary>Arthur Schopenhauer>Rome";"New Zealand>Journalism>Amsterdam>Bucharest";"New Zealand>United Nations>Madrid";"New Zealand>International Telecommunication Union>Bern";"New Zealand>Imperial Conference>Ottawa";"New Zealand>Koppen climate classification>Port-au-Prince";"New Zealand>Journalism>Amsterdam";"New Zealand>Koppen climate classification>Guatemala City>Kingstown";"New Zealand>Blues>Washington, D.C.";"New Zealand>Arthur Phillip>Canberra";"New Zealand>Oceania>South Tarawa";"New Zealand>Niue>Wellington";"New Zealand>Oceania>Honiara";"New Zealand>New Caledonia>Port Vila";"New Zealand>Mountaineering>Andes>Sucre";"New Zealand>Koppen climate classification>Quito";"New Zealand>New Zealand national cricket team>Georgetown, Guyana";"New Zealand>Zeeland>Paramaribo";"New Zealand>Angolan Civil War>Foreign relations of Angola>Caracas"
"Solomon Islands";"Solomon Islands>World Heritage site>Asmara";"Solomon Islands>Foreign relations of Taiwan>Angola>Accra";"Solomon Islands>Foreign relations of Taiwan>Kuala Lumpur";"Solomon Islands>God Save the Queen>Rhodesia>Maputo";"Solomon Islands>Foreign relations of China>Foreign relations of Armenia>Khartoum";"Solomon Islands>God Save the Queen>Rhodesia>Harare";"Solomon Islands>Pacific Ocean>Manila";"Solomon Islands>Foreign relations of China>Foreign relations of Azerbaijan>Riyadh";"Solomon Islands>Honiara>Koppen climate classification>Tashkent";"Solomon Islands>Honiara>Koppen climate classification>Hanoi";"Solomon Islands>Foreign relations of Taiwan>Amsterdam>Zagreb";"Solomon Islands>Foreign relations of Taiwan>Amsterdam>Rome";"Solomon Islands>Foreign relations of Taiwan>Amsterdam>Bucharest";"Solomon Islands>United Nations>Madrid";"Solomon Islands>United Nations>Bern";"Solomon Islands>Foreign relations of China>Foreign relations of Azerbaijan>Ottawa";"Solomon Islands>Foreign relations of China>Port-au-Prince";"Solomon Islands>Foreign relations of Taiwan>Amsterdam";"Solomon Islands>Futsal>Guatemala City>Kingstown";"Solomon Islands>President of the United States>Washington, D.C.";"Solomon Islands>Foreign relations of China>Canberra";"Solomon Islands>Kiribati>South Tarawa";"Solomon Islands>Head of government>Wellington";"Solomon Islands>Foreign relations of Taiwan>Honiara";"Solomon Islands>Foreign relations of China>Port Vila";"Solomon Islands>Pacific Ocean>Andes>Sucre";"Solomon Islands>Viceroyalty of Peru>Quito";"Solomon Islands>Head of government>Brasília>Georgetown, Guyana";"Solomon Islands>Honiara>Koppen climate classification>Paramaribo";"Solomon Islands>United Kingdom>Robert Stephenson>Caracas"
"Vanuatu";"Vanuatu>List of countries and dependencies by area>Africa>Asmara";"Vanuatu>Port Vila>Tropical climate>Accra";"Vanuatu>Port Vila>Humidity>Kuala Lumpur";"Vanuatu>Women's rights>Maputo";"Vanuatu>republic>Ankara>Khartoum";"Vanuatu>Republic>Zimbabwe Rhodesia>Harare";"Vanuatu>Manila";"Vanuatu>Manila>Riyadh";"Vanuatu>Manila>Tashkent";"Vanuatu>Annam (French protectorate)>Hanoi";"Vanuatu>European Union>Zagreb";"Vanuatu>European Union>Rome";"Vanuatu>European Union>Bucharest";"Vanuatu>European Union>Madrid";"Vanuatu>republic>Switzerland>Bern";"Vanuatu>republic>Federalism>Ottawa";"Vanuatu>Port Vila>Tropical climate>Port-au-Prince";"Vanuatu>European Union>Amsterdam";"Vanuatu>List of countries and dependencies by area>Americas>Kingstown";"Vanuatu>European Union>Washington, D.C.";"Vanuatu>Head of government>Canberra";"Vanuatu>Port Vila>South Tarawa";"Vanuatu>New Caledonia>Wellington";"Vanuatu>Port Vila>Honiara";"Vanuatu>New Caledonia>Port Vila";"Vanuatu>Republic>South America>Sucre";"Vanuatu>Ukulele>Andes>Quito";"Vanuatu>Port Vila>Tropical climate>Georgetown, Guyana";"Vanuatu>Port Vila>Tropical climate>Paramaribo";"Vanuatu>Port Vila>Slum>Caracas"
"Bolivia";"Bolivia>United Nations>Algiers>Asmara";"Bolivia>Brazil>Accra";"Bolivia>Non-Aligned Movement>Kuala Lumpur";"Bolivia>Portugal>Maputo";"Bolivia>La Paz>Ankara>Khartoum";"Bolivia>Non-Aligned Movement>Harare";"Bolivia>Pacific Ocean>Manila";"Bolivia>Andes>Asia>Riyadh";"Bolivia>Andes>Asia>Tashkent";"Bolivia>Lima>Hanoi";"Bolivia>La Paz>Zagreb";"Bolivia>Germany>Rome";"Bolivia>Simon Bolivar>Bucharest";"Bolivia>Lebanon>Madrid";"Bolivia>United Nations>Bern";"Bolivia>Americas>Ottawa";"Bolivia>Latin America>Port-au-Prince";"Bolivia>La Paz>Ankara>Amsterdam";"Bolivia>Americas>Kingstown";"Bolivia>Laissez-faire>Washington, D.C.";"Bolivia>Christianity>Art>Canberra";"Bolivia>Andes>Kiribati>South Tarawa";"Bolivia>Colombia>Art Deco>Wellington";"Bolivia>Tropical climate>Honiara";"Bolivia>France>Foreign relations of France>Port Vila";"Bolivia>Andes>Sucre";"Bolivia>Andes>Quito";"Bolivia>South America>Georgetown, Guyana";"Bolivia>South America>Paramaribo";"Bolivia>Andes>Caracas"
"Ecuador";"Ecuador>United Nations>Algiers>Asmara";"Ecuador>Brazil>Accra";"Ecuador>Andes>Asia>Kuala Lumpur";"Ecuador>Tropical climate>Maputo";"Ecuador>Simon Bolivar>Ankara>Khartoum";"Ecuador>United Nations>Algiers>Harare";"Ecuador>Pacific Ocean>Manila";"Ecuador>Brazil national football team>Riyadh";"Ecuador>Andes>Asia>Tashkent";"Ecuador>Axis powers>Hanoi";"Ecuador>Simon Bolivar>Ankara>Zagreb";"Ecuador>Eastern Orthodox Church>Rome";"Ecuador>Synagogue>Bucharest";"Ecuador>FIFA World Cup>Madrid";"Ecuador>FIFA World Cup>Bern";"Ecuador>Simon Bolivar>Ottawa";"Ecuador>Simon Bolivar>Port-au-Prince";"Ecuador>England national football team>Amsterdam";"Ecuador>Latin American Integration Association>Mexico City>Kingstown";"Ecuador>International Monetary Fund>Washington, D.C.";"Ecuador>List of countries and dependencies by area>Ashmore and Cartier Islands>Canberra";"Ecuador>Andes>Kiribati>South Tarawa";"Ecuador>Judicial independence>Appellate court>Wellington";"Ecuador>Tropical climate>Honiara";"Ecuador>Andes>New Caledonia>Port Vila";"Ecuador>Andes>Sucre";"Ecuador>Andes>Quito";"Ecuador>South America>Georgetown, Guyana";"Ecuador>South America>Paramaribo";"Ecuador>Andes>Caracas"
"Guyana";"Guyana>Africa>Asmara";"Guyana>Brazil>Accra";"Guyana>Netball>Kuala Lumpur";"Guyana>Tropical climate>Maputo";"Guyana>Europe>Ankara>Khartoum";"Guyana>French Guiana>Koppen climate classification>Harare";"Guyana>British Empire>Asia>Manila";"Guyana>British Empire>Asia>Riyadh";"Guyana>British Empire>Asia>Tashkent";"Guyana>French Guiana>Hmong people>Hanoi";"Guyana>Europe>Zagreb";"Guyana>Europe>Rome";"Guyana>Europe>Bucharest";"Guyana>Europe>Madrid";"Guyana>Europe>Bern";"Guyana>Labour Day>Ottawa";"Guyana>Simon Bolivar>Port-au-Prince";"Guyana>Europe>Amsterdam";"Guyana>Caribbean>Kingstown";"Guyana>Christopher Columbus>Washington, D.C.";"Guyana>Netball>Canberra";"Guyana>British Empire>Kiribati>South Tarawa";"Guyana>Labour Day>Wellington";"Guyana>Tropical climate>Honiara";"Guyana>Europe>New Caledonia>Port Vila";"Guyana>South America>Sucre";"Guyana>Amazon River>Quito";"Guyana>Georgetown, Guyana";"Guyana>South America>Paramaribo";"Guyana>South America>Caracas"
"Suriname";"Suriname>World Heritage site>Asmara";"Suriname>Brazil>Accra";"Suriname>London>Kuala Lumpur";"Suriname>Tropical climate>Maputo";"Suriname>Amsterdam>Ankara>Khartoum";"Suriname>Gold>Ark of the Covenant>Harare";"Suriname>KLM>Manila";"Suriname>Islamic calendar>Riyadh";"Suriname>Biome>Asia>Tashkent";"Suriname>London>Hanoi";"Suriname>Amsterdam>Zagreb";"Suriname>Amsterdam>Rome";"Suriname>Amsterdam>Bucharest";"Suriname>Amsterdam>Madrid";"Suriname>Amsterdam>Bern";"Suriname>Labour Day>Ottawa";"Suriname>North America>Port-au-Prince";"Suriname>Bridge>Amsterdam";"Suriname>North America>Kingstown";"Suriname>Abraham Lincoln>Washington, D.C.";"Suriname>Christianity>Art>Canberra";"Suriname>Madeira>Honolulu>South Tarawa";"Suriname>Labour Day>Wellington";"Suriname>Tropical climate>Honiara";"Suriname>French language>Foreign relations of France>Port Vila";"Suriname>South America>Sucre";"Suriname>South America>Quito";"Suriname>Georgetown, Guyana";"Suriname>South America>Paramaribo";"Suriname>Nationalism>Caracas"
"Venezuela";"Venezuela>Italian language>Asmara";"Venezuela>Brazil>Accra";"Venezuela>Andes>Asia>Kuala Lumpur";"Venezuela>Slavery>Algiers>Maputo";"Venezuela>Republic>Ankara>Khartoum";"Venezuela>Slavery>Algiers>Harare";"Venezuela>Andes>Asia>Manila";"Venezuela>Andes>Asia>Riyadh";"Venezuela>Andes>Asia>Tashkent";"Venezuela>Basketball>Hanoi";"Venezuela>Republic>Ankara>Zagreb";"Venezuela>Cement>Rome";"Venezuela>Slavery>Bucharest";"Venezuela>Modernism>Madrid";"Venezuela>Basque language>Bern";"Venezuela>Parliament>Ottawa";"Venezuela>Cholera>Port-au-Prince";"Venezuela>The Hague>Amsterdam";"Venezuela>ALBA>Kingstown";"Venezuela>American Revolution>Washington, D.C.";"Venezuela>Parliament>Canberra";"Venezuela>Caracas>Honolulu>South Tarawa";"Venezuela>Television network>Wellington";"Venezuela>World War II>Darwin, Northern Territory>Honiara";"Venezuela>French Revolution>Foreign relations of France>Port Vila";"Venezuela>Andes>Sucre";"Venezuela>Andes>Quito";"Venezuela>Manatee>Georgetown, Guyana";"Venezuela>South America>Paramaribo";"Venezuela>Andes>Caracas"