"";"Robert Benton";"Robert Redford";"Warren Beatty";"Richard Attenborough";"James L. Brooks";"Miloš Forman";"Sydney Pollack";"Oliver Stone";"Bernardo Bertolucci";"Barry Levinson";"Kevin Costner";"Jonathan Demme";"Clint Eastwood";"Robert Zemeckis";"Mel Gibson";"Anthony Minghella";"James Cameron";"Steven Spielberg";"Sam Mendes";"Steven Soderbergh";"Ron Howard";"Roman Polanski";"Ang Lee";"Martin Scorsese";"Joel and Ethan Coen";"Danny Boyle";"Kathryn Bigelow";"Michel Hazanavicius";"Alfonso Cuarón"
"Kramer vs Kramer";"Kramer vs. Kramer>Francois Truffaut>Robert Benton";"Kramer vs. Kramer>Dustin Hoffman>Robert Redford";"Kramer vs. Kramer>François Truffaut>Warren Beatty";"Kramer vs. Kramer>François Truffaut>Richard Attenborough";"Kramer vs. Kramer>American Film Institute>James L. Brooks";"Kramer vs. Kramer>American Film Institute>Miloš Forman";"Kramer vs. Kramer>American Film Institute>Sydney Pollack";"Kramer vs. Kramer>François Truffaut>Oliver Stone";"Kramer vs. Kramer>François Truffaut>Bernardo Bertolucci";"Kramer vs. Kramer>American Film Institute>Barry Levinson";"Kramer vs. Kramer>Dustin Hoffman>Kevin Costner";"Kramer vs. Kramer>François Truffaut>Jonathan Demme";"Kramer vs. Kramer>American Film Institute>Clint Eastwood";"Kramer vs. Kramer>American Film Institute>Robert Zemeckis";"Kramer vs. Kramer>Dustin Hoffman>Mel Gibson";"Kramer vs. Kramer>Dustin Hoffman>Anthony Minghella";"Kramer vs. Kramer>American Film Institute>James Cameron";"Kramer vs. Kramer>American Film Institute>Steven Spielberg";"Kramer vs. Kramer>Dustin Hoffman>Sam Mendes";"Kramer vs. Kramer>François Truffaut>Steven Soderbergh";"Kramer vs. Kramer>American Film Institute>Ron Howard";"Kramer vs. Kramer>François Truffaut>Roman Polanski";"Kramer vs. Kramer>François Truffaut>Ang Lee";"Kramer vs. Kramer>American Film Institute>Martin Scorsese";"Kramer vs. Kramer>François Truffaut>Coen brothers";"Kramer vs. Kramer>François Truffaut>Danny Boyle";"Kramer vs. Kramer>François Truffaut>Kathryn Bigelow";"Kramer vs. Kramer>François Truffaut>Michel Hazanavicius";"Kramer vs. Kramer>François Truffaut>Alfonso Cuarón"
"Ordinary People";"Ordinary People>Robert Redford>Robert Benton";"Ordinary People>Mary Tyler Moore>Robert Redford";"Ordinary People>Academy Award for Best Picture>Warren Beatty";"Ordinary People>Academy Award for Best Picture>Richard Attenborough";"Ordinary People>Mary Tyler Moore>James L. Brooks";"Ordinary People>Robert Redford>Miloš Forman";"Ordinary People>Academy Award for Best Picture>Sydney Pollack";"Ordinary People>Academy Award for Best Picture>Oliver Stone";"Ordinary People>Robert Redford>Bernardo Bertolucci";"Ordinary People>Academy Award for Best Picture>Barry Levinson";"Ordinary People>Academy Award for Best Picture>Kevin Costner";"Ordinary People>Robert Redford>Jonathan Demme";"Ordinary People>Mary Tyler Moore>Clint Eastwood";"Ordinary People>Robert Redford>Robert Zemeckis";"Ordinary People>Academy Award for Best Picture>Mel Gibson";"Ordinary People>Academy Award for Best Picture>Anthony Minghella";"Ordinary People>Academy Award for Best Picture>James Cameron";"Ordinary People>Roger Ebert>Steven Spielberg";"Ordinary People>Robert Redford>Sam Mendes";"Ordinary People>Robert Redford>Steven Soderbergh";"Ordinary People>Academy Award for Best Picture>Ron Howard";"Ordinary People>Academy Award for Best Picture>Roman Polanski";"Ordinary People>Academy Award for Best Picture>Ang Lee";"Ordinary People>Roger Ebert>Martin Scorsese";"Ordinary People>Academy Award for Best Picture>Coen brothers";"Ordinary People>Academy Award for Best Picture>Danny Boyle";"Ordinary People>Academy Award for Best Picture>Kathryn Bigelow";"Ordinary People>Robert Redford>Michel Hazanavicius";"Ordinary People>Academy Award for Best Picture>Alfonso Cuarón"
"Reds (film)";"Reds (film)>Orson Welles>Robert Benton";"Reds (film)>Gene Hackman>Robert Redford";"Reds (film)>Citizen Kane>Warren Beatty";"Reds (film)>Gene Hackman>Richard Attenborough";"Reds (film)>American Film Institute>James L. Brooks";"Reds (film)>American Film Institute>Miloš Forman";"Reds (film)>American Film Institute>Sydney Pollack";"Reds (film)>Woody Allen>Oliver Stone";"Reds (film)>Woody Allen>Bernardo Bertolucci";"Reds (film)>American Film Institute>Barry Levinson";"Reds (film)>Gene Hackman>Kevin Costner";"Reds (film)>Woody Allen>Jonathan Demme";"Reds (film)>American Film Institute>Clint Eastwood";"Reds (film)>American Film Institute>Robert Zemeckis";"Reds (film)>Woody Allen>Mel Gibson";"Reds (film)>Woody Allen>Anthony Minghella";"Reds (film)>American Film Institute>James Cameron";"Reds (film)>American Film Institute>Steven Spielberg";"Reds (film)>Citizen Kane>Sam Mendes";"Reds (film)>Woody Allen>Steven Soderbergh";"Reds (film)>American Film Institute>Ron Howard";"Reds (film)>Woody Allen>Roman Polanski";"Reds (film)>Woody Allen>Ang Lee";"Reds (film)>American Film Institute>Martin Scorsese";"Reds (film)>Citizen Kane>Coen brothers";"Reds (film)>Woody Allen>Danny Boyle";"Reds (film)>Woody Allen>Kathryn Bigelow";"Reds (film)>Citizen Kane>Michel Hazanavicius";"Reds (film)>Woody Allen>Alfonso Cuarón"
"Gandhi (film)";"Gandhi (film)>Dustin Hoffman>Robert Benton";"Gandhi (film)>Warner Bros.>Robert Redford";"Gandhi (film)>Dustin Hoffman>Warren Beatty";"Gandhi (film)>Jawaharlal Nehru>Richard Attenborough";"Gandhi (film)>Academy Award for Best Picture>James L. Brooks";"Gandhi (film)>Academy Award for Best Director>Miloš Forman";"Gandhi (film)>Dustin Hoffman>Sydney Pollack";"Gandhi (film)>Lawrence of Arabia (film)>Oliver Stone";"Gandhi (film)>Academy Award for Best Director>Bernardo Bertolucci";"Gandhi (film)>Dustin Hoffman>Barry Levinson";"Gandhi (film)>Dustin Hoffman>Kevin Costner";"Gandhi (film)>Academy Award for Best Director>Jonathan Demme";"Gandhi (film)>Warner Bros.>Clint Eastwood";"Gandhi (film)>Academy Award for Best Director>Robert Zemeckis";"Gandhi (film)>Dustin Hoffman>Mel Gibson";"Gandhi (film)>Dustin Hoffman>Anthony Minghella";"Gandhi (film)>Academy Award for Best Picture>James Cameron";"Gandhi (film)>Dustin Hoffman>Steven Spielberg";"Gandhi (film)>Dustin Hoffman>Sam Mendes";"Gandhi (film)>Academy Award for Best Director>Steven Soderbergh";"Gandhi (film)>Academy Award for Best Picture>Ron Howard";"Gandhi (film)>Academy Award for Best Picture>Roman Polanski";"Gandhi (film)>Dustin Hoffman>Ang Lee";"Gandhi (film)>Dustin Hoffman>Martin Scorsese";"Gandhi (film)>Academy Award for Best Picture>Coen brothers";"Gandhi (film)>Dustin Hoffman>Danny Boyle";"Gandhi (film)>Dustin Hoffman>Kathryn Bigelow";"Gandhi (film)>Academy Award for Best Director>Michel Hazanavicius";"Gandhi (film)>Academy Award for Best Picture>Alfonso Cuarón"
"Terms of Endearment";"Terms of Endearment>Albert Brooks>Robert Benton";"Terms of Endearment>Roger Ebert>Robert Redford";"Terms of Endearment>Albert Brooks>Warren Beatty";"Terms of Endearment>Academy Award for Best Picture>Richard Attenborough";"Terms of Endearment>Albert Brooks>James L. Brooks";"Terms of Endearment>Academy Award for Best Director>Miloš Forman";"Terms of Endearment>Academy Award for Best Picture>Sydney Pollack";"Terms of Endearment>Academy Award for Best Picture>Oliver Stone";"Terms of Endearment>Academy Award for Best Adapted Screenplay>Bernardo Bertolucci";"Terms of Endearment>Academy Award for Best Picture>Barry Levinson";"Terms of Endearment>Academy Award for Best Picture>Kevin Costner";"Terms of Endearment>Academy Award for Best Director>Jonathan Demme";"Terms of Endearment>Academy Award for Best Picture>Clint Eastwood";"Terms of Endearment>Academy Award for Best Director>Robert Zemeckis";"Terms of Endearment>Academy Award for Best Picture>Mel Gibson";"Terms of Endearment>Academy Award for Best Picture>Anthony Minghella";"Terms of Endearment>Academy Award for Best Picture>James Cameron";"Terms of Endearment>Roger Ebert>Steven Spielberg";"Terms of Endearment>Academy Award for Best Director>Sam Mendes";"Terms of Endearment>Academy Award for Best Director>Steven Soderbergh";"Terms of Endearment>Academy Award for Best Picture>Ron Howard";"Terms of Endearment>Academy Award for Best Picture>Roman Polanski";"Terms of Endearment>Academy Award for Best Picture>Ang Lee";"Terms of Endearment>Albert Brooks>Martin Scorsese";"Terms of Endearment>Albert Brooks>Coen brothers";"Terms of Endearment>Academy Award for Best Picture>Danny Boyle";"Terms of Endearment>Academy Award for Best Picture>Kathryn Bigelow";"Terms of Endearment>Academy Award for Best Director>Michel Hazanavicius";"Terms of Endearment>Academy Award for Best Picture>Alfonso Cuarón"
"Amadeus (film)";"Amadeus (film)>Miloš Forman>Robert Benton";"Amadeus (film)>Twyla Tharp>Robert Redford";"Amadeus (film)>Twyla Tharp>Warren Beatty";"Amadeus (film)>Laurence Olivier>Richard Attenborough";"Amadeus (film)>American Film Institute>James L. Brooks";"Amadeus (film)>American Film Institute>Miloš Forman";"Amadeus (film)>American Film Institute>Sydney Pollack";"Amadeus (film)>Miloš Forman>Oliver Stone";"Amadeus (film)>Miloš Forman>Bernardo Bertolucci";"Amadeus (film)>American Film Institute>Barry Levinson";"Amadeus (film)>Laurence Olivier>Kevin Costner";"Amadeus (film)>Miloš Forman>Jonathan Demme";"Amadeus (film)>American Film Institute>Clint Eastwood";"Amadeus (film)>American Film Institute>Robert Zemeckis";"Amadeus (film)>Miloš Forman>Mel Gibson";"Amadeus (film)>Miloš Forman>Anthony Minghella";"Amadeus (film)>American Film Institute>James Cameron";"Amadeus (film)>American Film Institute>Steven Spielberg";"Amadeus (film)>Laurence Olivier>Sam Mendes";"Amadeus (film)>Albert Finney>Steven Soderbergh";"Amadeus (film)>American Film Institute>Ron Howard";"Amadeus (film)>Miloš Forman>Roman Polanski";"Amadeus (film)>Miloš Forman>Ang Lee";"Amadeus (film)>American Film Institute>Martin Scorsese";"Amadeus (film)>Albert Finney>Coen brothers";"Amadeus (film)>Miloš Forman>Danny Boyle";"Amadeus (film)>Miloš Forman>Kathryn Bigelow";"Amadeus (film)>Miloš Forman>Michel Hazanavicius";"Amadeus (film)>Miloš Forman>Alfonso Cuarón"
"Out of Africa (film)";"Out of Africa (film)>Academy Award for Best Adapted Screenplay>Robert Benton";"Out of Africa (film)>Klaus Maria Brandauer>Robert Redford";"Out of Africa (film)>Klaus Maria Brandauer>Warren Beatty";"Out of Africa (film)>Klaus Maria Brandauer>Richard Attenborough";"Out of Africa (film)>American Film Institute>James L. Brooks";"Out of Africa (film)>American Film Institute>Miloš Forman";"Out of Africa (film)>American Film Institute>Sydney Pollack";"Out of Africa (film)>Academy Award for Best Picture>Oliver Stone";"Out of Africa (film)>Academy Award for Best Adapted Screenplay>Bernardo Bertolucci";"Out of Africa (film)>American Film Institute>Barry Levinson";"Out of Africa (film)>Academy Award for Best Picture>Kevin Costner";"Out of Africa (film)>Robert Redford>Jonathan Demme";"Out of Africa (film)>American Film Institute>Clint Eastwood";"Out of Africa (film)>American Film Institute>Robert Zemeckis";"Out of Africa (film)>Academy Award for Best Picture>Mel Gibson";"Out of Africa (film)>Academy Award for Best Picture>Anthony Minghella";"Out of Africa (film)>American Film Institute>James Cameron";"Out of Africa (film)>American Film Institute>Steven Spielberg";"Out of Africa (film)>England>Sam Mendes";"Out of Africa (film)>Robert Redford>Steven Soderbergh";"Out of Africa (film)>American Film Institute>Ron Howard";"Out of Africa (film)>Academy Award for Best Picture>Roman Polanski";"Out of Africa (film)>Academy Award for Best Picture>Ang Lee";"Out of Africa (film)>American Film Institute>Martin Scorsese";"Out of Africa (film)>Academy Award for Best Picture>Coen brothers";"Out of Africa (film)>Academy Award for Best Picture>Danny Boyle";"Out of Africa (film)>Academy Award for Best Picture>Kathryn Bigelow";"Out of Africa (film)>Robert Redford>Michel Hazanavicius";"Out of Africa (film)>Academy Award for Best Picture>Alfonso Cuarón"
"Platoon (film)";"Platoon (film)>Academy Award for Best Director>Robert Benton";"Platoon (film)>John Wayne>Robert Redford";"Platoon (film)>John Wayne>Warren Beatty";"Platoon (film)>Academy Award for Best Picture>Richard Attenborough";"Platoon (film)>American Film Institute>James L. Brooks";"Platoon (film)>American Film Institute>Miloš Forman";"Platoon (film)>American Film Institute>Sydney Pollack";"Platoon (film)>The Doors>Oliver Stone";"Platoon (film)>Academy Award for Best Director>Bernardo Bertolucci";"Platoon (film)>American Film Institute>Barry Levinson";"Platoon (film)>John Wayne>Kevin Costner";"Platoon (film)>Academy Award for Best Director>Jonathan Demme";"Platoon (film)>American Film Institute>Clint Eastwood";"Platoon (film)>American Film Institute>Robert Zemeckis";"Platoon (film)>John Wayne>Mel Gibson";"Platoon (film)>Academy Award for Best Picture>Anthony Minghella";"Platoon (film)>American Film Institute>James Cameron";"Platoon (film)>American Film Institute>Steven Spielberg";"Platoon (film)>Academy Award for Best Director>Sam Mendes";"Platoon (film)>Academy Award for Best Director>Steven Soderbergh";"Platoon (film)>American Film Institute>Ron Howard";"Platoon (film)>Academy Award for Best Picture>Roman Polanski";"Platoon (film)>Academy Award for Best Picture>Ang Lee";"Platoon (film)>American Film Institute>Martin Scorsese";"Platoon (film)>Academy Award for Best Picture>Coen brothers";"Platoon (film)>Academy Award for Best Picture>Danny Boyle";"Platoon (film)>Academy Award for Best Picture>Kathryn Bigelow";"Platoon (film)>Academy Award for Best Director>Michel Hazanavicius";"Platoon (film)>Academy Award for Best Picture>Alfonso Cuarón"
"The Last Emperor";"The Last Emperor>Bernardo Bertolucci>Robert Benton";"The Last Emperor>Bernardo Bertolucci>Robert Redford";"The Last Emperor>Bernardo Bertolucci>Warren Beatty";"The Last Emperor>Bernardo Bertolucci>Richard Attenborough";"The Last Emperor>Bernardo Bertolucci>James L. Brooks";"The Last Emperor>Bernardo Bertolucci>Miloš Forman";"The Last Emperor>Bernardo Bertolucci>Sydney Pollack";"The Last Emperor>Ryuichi Sakamoto>Oliver Stone";"The Last Emperor>Ryuichi Sakamoto>Bernardo Bertolucci";"The Last Emperor>Bernardo Bertolucci>Barry Levinson";"The Last Emperor>Bernardo Bertolucci>Kevin Costner";"The Last Emperor>Bernardo Bertolucci>Jonathan Demme";"The Last Emperor>Ryuichi Sakamoto>Clint Eastwood";"The Last Emperor>Bernardo Bertolucci>Robert Zemeckis";"The Last Emperor>Bernardo Bertolucci>Mel Gibson";"The Last Emperor>Bernardo Bertolucci>Anthony Minghella";"The Last Emperor>Bernardo Bertolucci>James Cameron";"The Last Emperor>Bernardo Bertolucci>Steven Spielberg";"The Last Emperor>Bernardo Bertolucci>Sam Mendes";"The Last Emperor>Bernardo Bertolucci>Steven Soderbergh";"The Last Emperor>Bernardo Bertolucci>Ron Howard";"The Last Emperor>Bernardo Bertolucci>Roman Polanski";"The Last Emperor>Bernardo Bertolucci>Ang Lee";"The Last Emperor>Bernardo Bertolucci>Martin Scorsese";"The Last Emperor>Bernardo Bertolucci>Coen brothers";"The Last Emperor>Bernardo Bertolucci>Danny Boyle";"The Last Emperor>Bernardo Bertolucci>Kathryn Bigelow";"The Last Emperor>Bernardo Bertolucci>Michel Hazanavicius";"The Last Emperor>Bernardo Bertolucci>Alfonso Cuarón"
"Rain Man";"Rain Man>Steven Spielberg>Robert Benton";"Rain Man>Steven Spielberg>Robert Redford";"Rain Man>Steven Spielberg>Warren Beatty";"Rain Man>Steven Spielberg>Richard Attenborough";"Rain Man>Steven Spielberg>James L. Brooks";"Rain Man>Steven Spielberg>Miloš Forman";"Rain Man>Steven Spielberg>Sydney Pollack";"Rain Man>Steven Spielberg>Oliver Stone";"Rain Man>Steven Spielberg>Bernardo Bertolucci";"Rain Man>Steven Spielberg>Barry Levinson";"Rain Man>Steven Spielberg>Kevin Costner";"Rain Man>Steven Spielberg>Jonathan Demme";"Rain Man>Steven Spielberg>Clint Eastwood";"Rain Man>Steven Spielberg>Robert Zemeckis";"Rain Man>Steven Spielberg>Mel Gibson";"Rain Man>Steven Spielberg>Anthony Minghella";"Rain Man>Steven Spielberg>James Cameron";"Rain Man>Tom Cruise>Steven Spielberg";"Rain Man>Steven Spielberg>Sam Mendes";"Rain Man>Steven Spielberg>Steven Soderbergh";"Rain Man>Steven Spielberg>Ron Howard";"Rain Man>Steven Spielberg>Roman Polanski";"Rain Man>Steven Spielberg>Ang Lee";"Rain Man>Steven Spielberg>Martin Scorsese";"Rain Man>Steven Spielberg>Coen brothers";"Rain Man>Steven Spielberg>Danny Boyle";"Rain Man>Steven Spielberg>Kathryn Bigelow";"Rain Man>Steven Spielberg>Michel Hazanavicius";"Rain Man>Steven Spielberg>Alfonso Cuarón"
"Dances with Wolves";"Dances with Wolves>Academy Award for Best Director>Robert Benton";"Dances with Wolves>Academy Award for Best Picture>Robert Redford";"Dances with Wolves>Academy Award for Best Picture>Warren Beatty";"Dances with Wolves>Academy Award for Best Picture>Richard Attenborough";"Dances with Wolves>Academy Award for Best Picture>James L. Brooks";"Dances with Wolves>Academy Award for Best Director>Miloš Forman";"Dances with Wolves>Academy Award for Best Picture>Sydney Pollack";"Dances with Wolves>Lawrence of Arabia (film)>Oliver Stone";"Dances with Wolves>Academy Award for Best Director>Bernardo Bertolucci";"Dances with Wolves>Academy Award for Best Picture>Barry Levinson";"Dances with Wolves>Academy Award for Best Picture>Kevin Costner";"Dances with Wolves>Academy Award for Best Director>Jonathan Demme";"Dances with Wolves>Academy Award for Best Picture>Clint Eastwood";"Dances with Wolves>Academy Award for Best Director>Robert Zemeckis";"Dances with Wolves>Academy Award for Best Picture>Mel Gibson";"Dances with Wolves>Academy Award for Best Picture>Anthony Minghella";"Dances with Wolves>Academy Award for Best Picture>James Cameron";"Dances with Wolves>Lawrence of Arabia (film)>Steven Spielberg";"Dances with Wolves>Academy Award for Best Director>Sam Mendes";"Dances with Wolves>Academy Award for Best Director>Steven Soderbergh";"Dances with Wolves>Academy Award for Best Picture>Ron Howard";"Dances with Wolves>Academy Award for Best Picture>Roman Polanski";"Dances with Wolves>Academy Award for Best Picture>Ang Lee";"Dances with Wolves>Lawrence of Arabia (film)>Martin Scorsese";"Dances with Wolves>Academy Award for Best Picture>Coen brothers";"Dances with Wolves>Academy Award for Best Picture>Danny Boyle";"Dances with Wolves>Academy Award for Best Picture>Kathryn Bigelow";"Dances with Wolves>Academy Award for Best Director>Michel Hazanavicius";"Dances with Wolves>Academy Award for Best Picture>Alfonso Cuarón"
"The Silence of the Lambs (film)";"The Silence of the Lambs (film)>Jonathan Demme>Robert Benton";"The Silence of the Lambs (film)>Anthony Hopkins>Robert Redford";"The Silence of the Lambs (film)>Anthony Hopkins>Warren Beatty";"The Silence of the Lambs (film)>Anthony Hopkins>Richard Attenborough";"The Silence of the Lambs (film)>American Film Institute>James L. Brooks";"The Silence of the Lambs (film)>American Film Institute>Miloš Forman";"The Silence of the Lambs (film)>American Film Institute>Sydney Pollack";"The Silence of the Lambs (film)>Jonathan Demme>Oliver Stone";"The Silence of the Lambs (film)>Jonathan Demme>Bernardo Bertolucci";"The Silence of the Lambs (film)>American Film Institute>Barry Levinson";"The Silence of the Lambs (film)>Anthony Hopkins>Kevin Costner";"The Silence of the Lambs (film)>Jonathan Demme";"The Silence of the Lambs (film)>American Film Institute>Clint Eastwood";"The Silence of the Lambs (film)>American Film Institute>Robert Zemeckis";"The Silence of the Lambs (film)>Anthony Hopkins>Mel Gibson";"The Silence of the Lambs (film)>Anthony Hopkins>Anthony Minghella";"The Silence of the Lambs (film)>American Film Institute>James Cameron";"The Silence of the Lambs (film)>American Film Institute>Steven Spielberg";"The Silence of the Lambs (film)>Anthony Hopkins>Sam Mendes";"The Silence of the Lambs (film)>Jonathan Demme>Steven Soderbergh";"The Silence of the Lambs (film)>American Film Institute>Ron Howard";"The Silence of the Lambs (film)>Horror film>Roman Polanski";"The Silence of the Lambs (film)>Anthony Hopkins>Ang Lee";"The Silence of the Lambs (film)>American Film Institute>Martin Scorsese";"The Silence of the Lambs (film)>Jonathan Demme>Coen brothers";"The Silence of the Lambs (film)>Anthony Hopkins>Danny Boyle";"The Silence of the Lambs (film)>Anthony Hopkins>Kathryn Bigelow";"The Silence of the Lambs (film)>Jonathan Demme>Michel Hazanavicius";"The Silence of the Lambs (film)>Jonathan Demme>Alfonso Cuarón"
"Unforgiven";"Unforgiven>Clint Eastwood>Robert Benton";"Unforgiven>Gene Hackman>Robert Redford";"Unforgiven>Gene Hackman>Warren Beatty";"Unforgiven>Gene Hackman>Richard Attenborough";"Unforgiven>American Film Institute>James L. Brooks";"Unforgiven>American Film Institute>Miloš Forman";"Unforgiven>American Film Institute>Sydney Pollack";"Unforgiven>Al Pacino>Oliver Stone";"Unforgiven>Sergio Leone>Bernardo Bertolucci";"Unforgiven>American Film Institute>Barry Levinson";"Unforgiven>Gene Hackman>Kevin Costner";"Unforgiven>Clint Eastwood>Jonathan Demme";"Unforgiven>American Film Institute>Clint Eastwood";"Unforgiven>American Film Institute>Robert Zemeckis";"Unforgiven>Clint Eastwood>Mel Gibson";"Unforgiven>Clint Eastwood>Anthony Minghella";"Unforgiven>American Film Institute>James Cameron";"Unforgiven>American Film Institute>Steven Spielberg";"Unforgiven>Clint Eastwood>Sam Mendes";"Unforgiven>Al Pacino>Steven Soderbergh";"Unforgiven>American Film Institute>Ron Howard";"Unforgiven>Clint Eastwood>Roman Polanski";"Unforgiven>Clint Eastwood>Ang Lee";"Unforgiven>American Film Institute>Martin Scorsese";"Unforgiven>Clint Eastwood>Coen brothers";"Unforgiven>Clint Eastwood>Danny Boyle";"Unforgiven>Clint Eastwood>Kathryn Bigelow";"Unforgiven>Clint Eastwood>Michel Hazanavicius";"Unforgiven>Clint Eastwood>Alfonso Cuarón"
"Forrest Gump";"Forrest Gump>Terry Gilliam>Robert Benton";"Forrest Gump>Tom Hanks>Robert Redford";"Forrest Gump>Terry Gilliam>Warren Beatty";"Forrest Gump>Terry Gilliam>Richard Attenborough";"Forrest Gump>American Film Institute>James L. Brooks";"Forrest Gump>American Film Institute>Miloš Forman";"Forrest Gump>American Film Institute>Sydney Pollack";"Forrest Gump>The Doors>Oliver Stone";"Forrest Gump>Academy Award for Best Adapted Screenplay>Bernardo Bertolucci";"Forrest Gump>American Film Institute>Barry Levinson";"Forrest Gump>Tom Hanks>Kevin Costner";"Forrest Gump>Academy Award for Best Director>Jonathan Demme";"Forrest Gump>American Film Institute>Clint Eastwood";"Forrest Gump>American Film Institute>Robert Zemeckis";"Forrest Gump>Terry Gilliam>Mel Gibson";"Forrest Gump>Tom Hanks>Anthony Minghella";"Forrest Gump>American Film Institute>James Cameron";"Forrest Gump>American Film Institute>Steven Spielberg";"Forrest Gump>Terry Gilliam>Sam Mendes";"Forrest Gump>Terry Gilliam>Steven Soderbergh";"Forrest Gump>American Film Institute>Ron Howard";"Forrest Gump>Terry Gilliam>Roman Polanski";"Forrest Gump>Terry Gilliam>Ang Lee";"Forrest Gump>American Film Institute>Martin Scorsese";"Forrest Gump>Tom Hanks>Coen brothers";"Forrest Gump>Terry Gilliam>Danny Boyle";"Forrest Gump>Terry Gilliam>Kathryn Bigelow";"Forrest Gump>Academy Award for Best Director>Michel Hazanavicius";"Forrest Gump>Terry Gilliam>Alfonso Cuarón"
"Braveheart";"Braveheart>Mel Gibson>Robert Benton";"Braveheart>Warner Bros.>Robert Redford";"Braveheart>Mel Gibson>Warren Beatty";"Braveheart>War film>Richard Attenborough";"Braveheart>American Film Institute>James L. Brooks";"Braveheart>American Film Institute>Miloš Forman";"Braveheart>American Film Institute>Sydney Pollack";"Braveheart>War film>Oliver Stone";"Braveheart>Mel Gibson>Bernardo Bertolucci";"Braveheart>American Film Institute>Barry Levinson";"Braveheart>Mel Gibson>Kevin Costner";"Braveheart>Mel Gibson>Jonathan Demme";"Braveheart>American Film Institute>Clint Eastwood";"Braveheart>American Film Institute>Robert Zemeckis";"Braveheart>Mel Gibson";"Braveheart>Mel Gibson>Anthony Minghella";"Braveheart>American Film Institute>James Cameron";"Braveheart>American Film Institute>Steven Spielberg";"Braveheart>England>Sam Mendes";"Braveheart>Mel Gibson>Steven Soderbergh";"Braveheart>American Film Institute>Ron Howard";"Braveheart>Mel Gibson>Roman Polanski";"Braveheart>Mel Gibson>Ang Lee";"Braveheart>American Film Institute>Martin Scorsese";"Braveheart>Mel Gibson>Coen brothers";"Braveheart>Mel Gibson>Danny Boyle";"Braveheart>Mel Gibson>Kathryn Bigelow";"Braveheart>Mel Gibson>Michel Hazanavicius";"Braveheart>Mel Gibson>Alfonso Cuarón"
"The English Patient (film)";"The English Patient (film)>Academy Award for Best Adapted Screenplay>Robert Benton";"The English Patient (film)>Roger Ebert>Robert Redford";"The English Patient (film)>Andrew Lloyd Webber>Warren Beatty";"The English Patient (film)>War film>Richard Attenborough";"The English Patient (film)>American Film Institute>James L. Brooks";"The English Patient (film)>American Film Institute>Miloš Forman";"The English Patient (film)>American Film Institute>Sydney Pollack";"The English Patient (film)>War film>Oliver Stone";"The English Patient (film)>Academy Award for Best Adapted Screenplay>Bernardo Bertolucci";"The English Patient (film)>American Film Institute>Barry Levinson";"The English Patient (film)>Academy Award for Best Picture>Kevin Costner";"The English Patient (film)>Academy Award for Best Director>Jonathan Demme";"The English Patient (film)>American Film Institute>Clint Eastwood";"The English Patient (film)>American Film Institute>Robert Zemeckis";"The English Patient (film)>Academy Award for Best Picture>Mel Gibson";"The English Patient (film)>The English Patient>Anthony Minghella";"The English Patient (film)>American Film Institute>James Cameron";"The English Patient (film)>American Film Institute>Steven Spielberg";"The English Patient (film)>Andrew Lloyd Webber>Sam Mendes";"The English Patient (film)>Academy Award for Best Director>Steven Soderbergh";"The English Patient (film)>American Film Institute>Ron Howard";"The English Patient (film)>Academy Award for Best Picture>Roman Polanski";"The English Patient (film)>Academy Award for Best Picture>Ang Lee";"The English Patient (film)>American Film Institute>Martin Scorsese";"The English Patient (film)>Academy Award for Best Picture>Coen brothers";"The English Patient (film)>Academy Award for Best Picture>Danny Boyle";"The English Patient (film)>Academy Award for Best Picture>Kathryn Bigelow";"The English Patient (film)>Academy Award for Best Director>Michel Hazanavicius";"The English Patient (film)>Academy Award for Best Picture>Alfonso Cuarón"
"Titanic (1997 film)";"Titanic (1997 film)>James Cameron>Robert Benton";"Titanic (1997 film)>James Cameron>Robert Redford";"Titanic (1997 film)>James Cameron>Warren Beatty";"Titanic (1997 film)>James Cameron>Richard Attenborough";"Titanic (1997 film)>American Film Institute>James L. Brooks";"Titanic (1997 film)>American Film Institute>Miloš Forman";"Titanic (1997 film)>American Film Institute>Sydney Pollack";"Titanic (1997 film)>James Cameron>Oliver Stone";"Titanic (1997 film)>James Cameron>Bernardo Bertolucci";"Titanic (1997 film)>American Film Institute>Barry Levinson";"Titanic (1997 film)>James Cameron>Kevin Costner";"Titanic (1997 film)>James Cameron>Jonathan Demme";"Titanic (1997 film)>American Film Institute>Clint Eastwood";"Titanic (1997 film)>American Film Institute>Robert Zemeckis";"Titanic (1997 film)>James Cameron>Mel Gibson";"Titanic (1997 film)>James Cameron>Anthony Minghella";"Titanic (1997 film)>American Film Institute>James Cameron";"Titanic (1997 film)>American Film Institute>Steven Spielberg";"Titanic (1997 film)>James Cameron>Sam Mendes";"Titanic (1997 film)>James Cameron>Steven Soderbergh";"Titanic (1997 film)>American Film Institute>Ron Howard";"Titanic (1997 film)>James Cameron>Roman Polanski";"Titanic (1997 film)>James Cameron>Ang Lee";"Titanic (1997 film)>American Film Institute>Martin Scorsese";"Titanic (1997 film)>James Cameron>Coen brothers";"Titanic (1997 film)>Bollywood>Danny Boyle";"Titanic (1997 film)>James Cameron>Kathryn Bigelow";"Titanic (1997 film)>James Cameron>Michel Hazanavicius";"Titanic (1997 film)>James Cameron>Alfonso Cuarón"
"Saving Private Ryan";"Saving Private Ryan>Quentin Tarantino>Robert Benton";"Saving Private Ryan>Steven Spielberg>Robert Redford";"Saving Private Ryan>Quentin Tarantino>Warren Beatty";"Saving Private Ryan>Royal Navy>Richard Attenborough";"Saving Private Ryan>American Film Institute>James L. Brooks";"Saving Private Ryan>American Film Institute>Miloš Forman";"Saving Private Ryan>American Film Institute>Sydney Pollack";"Saving Private Ryan>Quentin Tarantino>Oliver Stone";"Saving Private Ryan>Quentin Tarantino>Bernardo Bertolucci";"Saving Private Ryan>American Film Institute>Barry Levinson";"Saving Private Ryan>Quentin Tarantino>Kevin Costner";"Saving Private Ryan>Quentin Tarantino>Jonathan Demme";"Saving Private Ryan>American Film Institute>Clint Eastwood";"Saving Private Ryan>American Film Institute>Robert Zemeckis";"Saving Private Ryan>Quentin Tarantino>Mel Gibson";"Saving Private Ryan>Quentin Tarantino>Anthony Minghella";"Saving Private Ryan>American Film Institute>James Cameron";"Saving Private Ryan>American Film Institute>Steven Spielberg";"Saving Private Ryan>Quentin Tarantino>Sam Mendes";"Saving Private Ryan>Generation X>Steven Soderbergh";"Saving Private Ryan>American Film Institute>Ron Howard";"Saving Private Ryan>Quentin Tarantino>Roman Polanski";"Saving Private Ryan>Quentin Tarantino>Ang Lee";"Saving Private Ryan>American Film Institute>Martin Scorsese";"Saving Private Ryan>Quentin Tarantino>Coen brothers";"Saving Private Ryan>Quentin Tarantino>Danny Boyle";"Saving Private Ryan>Quentin Tarantino>Kathryn Bigelow";"Saving Private Ryan>Quentin Tarantino>Michel Hazanavicius";"Saving Private Ryan>Quentin Tarantino>Alfonso Cuarón"
"American Beauty (1999 film)";"American Beauty (1999 film)>Coen brothers>Robert Benton";"American Beauty (1999 film)>Anthony Hopkins>Robert Redford";"American Beauty (1999 film)>Anthony Hopkins>Warren Beatty";"American Beauty (1999 film)>Anthony Hopkins>Richard Attenborough";"American Beauty (1999 film)>Coen brothers>James L. Brooks";"American Beauty (1999 film)>Coen brothers>Miloš Forman";"American Beauty (1999 film)>Coen brothers>Sydney Pollack";"American Beauty (1999 film)>Coen brothers>Oliver Stone";"American Beauty (1999 film)>Coen brothers>Bernardo Bertolucci";"American Beauty (1999 film)>Coen brothers>Barry Levinson";"American Beauty (1999 film)>Anthony Hopkins>Kevin Costner";"American Beauty (1999 film)>Coen brothers>Jonathan Demme";"American Beauty (1999 film)>Anthony Hopkins>Clint Eastwood";"American Beauty (1999 film)>Coen brothers>Robert Zemeckis";"American Beauty (1999 film)>Anthony Hopkins>Mel Gibson";"American Beauty (1999 film)>Anthony Hopkins>Anthony Minghella";"American Beauty (1999 film)>Coen brothers>James Cameron";"American Beauty (1999 film)>Anthony Hopkins>Steven Spielberg";"American Beauty (1999 film)>Anthony Hopkins>Sam Mendes";"American Beauty (1999 film)>Coen brothers>Steven Soderbergh";"American Beauty (1999 film)>Coen brothers>Ron Howard";"American Beauty (1999 film)>Coen brothers>Roman Polanski";"American Beauty (1999 film)>Anthony Hopkins>Ang Lee";"American Beauty (1999 film)>Anthony Hopkins>Martin Scorsese";"American Beauty (1999 film)>Coen brothers";"American Beauty (1999 film)>Anthony Hopkins>Danny Boyle";"American Beauty (1999 film)>Anthony Hopkins>Kathryn Bigelow";"American Beauty (1999 film)>Coen brothers>Michel Hazanavicius";"American Beauty (1999 film)>Coen brothers>Alfonso Cuarón"
"Traffic (2000 film)";"Traffic (2000 film)>Ingmar Bergman>Robert Benton";"Traffic (2000 film)>Steven Soderbergh>Robert Redford";"Traffic (2000 film)>Ingmar Bergman>Warren Beatty";"Traffic (2000 film)>Ingmar Bergman>Richard Attenborough";"Traffic (2000 film)>Ingmar Bergman>James L. Brooks";"Traffic (2000 film)>Steven Soderbergh>Miloš Forman";"Traffic (2000 film)>Ingmar Bergman>Sydney Pollack";"Traffic (2000 film)>Steven Soderbergh>Oliver Stone";"Traffic (2000 film)>Ingmar Bergman>Bernardo Bertolucci";"Traffic (2000 film)>Steven Soderbergh>Barry Levinson";"Traffic (2000 film)>Steven Soderbergh>Kevin Costner";"Traffic (2000 film)>Ingmar Bergman>Jonathan Demme";"Traffic (2000 film)>Ingmar Bergman>Clint Eastwood";"Traffic (2000 film)>Steven Soderbergh>Robert Zemeckis";"Traffic (2000 film)>Steven Soderbergh>Mel Gibson";"Traffic (2000 film)>Steven Soderbergh>Anthony Minghella";"Traffic (2000 film)>Steven Soderbergh>James Cameron";"Traffic (2000 film)>Channel 4>Steven Spielberg";"Traffic (2000 film)>Steven Soderbergh>Sam Mendes";"Traffic (2000 film)>Ingmar Bergman>Steven Soderbergh";"Traffic (2000 film)>Steven Soderbergh>Ron Howard";"Traffic (2000 film)>Ingmar Bergman>Roman Polanski";"Traffic (2000 film)>Ingmar Bergman>Ang Lee";"Traffic (2000 film)>Ingmar Bergman>Martin Scorsese";"Traffic (2000 film)>Ingmar Bergman>Coen brothers";"Traffic (2000 film)>Steven Soderbergh>Danny Boyle";"Traffic (2000 film)>Ingmar Bergman>Kathryn Bigelow";"Traffic (2000 film)>Ingmar Bergman>Michel Hazanavicius";"Traffic (2000 film)>Steven Soderbergh>Alfonso Cuarón"
"A Beautiful Mind (film)";"A Beautiful Mind (film)>Ron Howard>Robert Benton";"A Beautiful Mind (film)>Russell Crowe>Robert Redford";"A Beautiful Mind (film)>Russell Crowe>Warren Beatty";"A Beautiful Mind (film)>Russell Crowe>Richard Attenborough";"A Beautiful Mind (film)>American Film Institute>James L. Brooks";"A Beautiful Mind (film)>American Film Institute>Miloš Forman";"A Beautiful Mind (film)>American Film Institute>Sydney Pollack";"A Beautiful Mind (film)>Ron Howard>Oliver Stone";"A Beautiful Mind (film)>Ron Howard>Bernardo Bertolucci";"A Beautiful Mind (film)>American Film Institute>Barry Levinson";"A Beautiful Mind (film)>Tom Cruise>Kevin Costner";"A Beautiful Mind (film)>Ron Howard>Jonathan Demme";"A Beautiful Mind (film)>American Film Institute>Clint Eastwood";"A Beautiful Mind (film)>American Film Institute>Robert Zemeckis";"A Beautiful Mind (film)>Russell Crowe>Mel Gibson";"A Beautiful Mind (film)>Tom Cruise>Anthony Minghella";"A Beautiful Mind (film)>American Film Institute>James Cameron";"A Beautiful Mind (film)>American Film Institute>Steven Spielberg";"A Beautiful Mind (film)>Tom Cruise>Sam Mendes";"A Beautiful Mind (film)>Ron Howard>Steven Soderbergh";"A Beautiful Mind (film)>American Film Institute>Ron Howard";"A Beautiful Mind (film)>Ron Howard>Roman Polanski";"A Beautiful Mind (film)>Tom Cruise>Ang Lee";"A Beautiful Mind (film)>American Film Institute>Martin Scorsese";"A Beautiful Mind (film)>Ron Howard>Coen brothers";"A Beautiful Mind (film)>Tom Cruise>Danny Boyle";"A Beautiful Mind (film)>Tom Cruise>Kathryn Bigelow";"A Beautiful Mind (film)>Ron Howard>Michel Hazanavicius";"A Beautiful Mind (film)>Ron Howard>Alfonso Cuarón"
"The Pianist (2002 film)";"The Pianist (2002 film)>Roman Polanski>Robert Benton";"The Pianist (2002 film)>Roman Polanski>Robert Redford";"The Pianist (2002 film)>Roman Polanski>Warren Beatty";"The Pianist (2002 film)>Roman Polanski>Richard Attenborough";"The Pianist (2002 film)>Roman Polanski>James L. Brooks";"The Pianist (2002 film)>Roman Polanski>Miloš Forman";"The Pianist (2002 film)>Roman Polanski>Sydney Pollack";"The Pianist (2002 film)>Roman Polanski>Oliver Stone";"The Pianist (2002 film)>Roman Polanski>Bernardo Bertolucci";"The Pianist (2002 film)>Roman Polanski>Barry Levinson";"The Pianist (2002 film)>Roman Polanski>Kevin Costner";"The Pianist (2002 film)>Roman Polanski>Jonathan Demme";"The Pianist (2002 film)>Roman Polanski>Clint Eastwood";"The Pianist (2002 film)>Roman Polanski>Robert Zemeckis";"The Pianist (2002 film)>Roman Polanski>Mel Gibson";"The Pianist (2002 film)>Roman Polanski>Anthony Minghella";"The Pianist (2002 film)>Roman Polanski>James Cameron";"The Pianist (2002 film)>Roman Polanski>Steven Spielberg";"The Pianist (2002 film)>Roman Polanski>Sam Mendes";"The Pianist (2002 film)>Roman Polanski>Steven Soderbergh";"The Pianist (2002 film)>Roman Polanski>Ron Howard";"The Pianist (2002 film)>Warsaw>Roman Polanski";"The Pianist (2002 film)>Roman Polanski>Ang Lee";"The Pianist (2002 film)>Roman Polanski>Martin Scorsese";"The Pianist (2002 film)>Roman Polanski>Coen brothers";"The Pianist (2002 film)>Roman Polanski>Danny Boyle";"The Pianist (2002 film)>Roman Polanski>Kathryn Bigelow";"The Pianist (2002 film)>Roman Polanski>Michel Hazanavicius";"The Pianist (2002 film)>Roman Polanski>Alfonso Cuarón"
"Brokeback Mountain";"Brokeback Mountain>Academy Award for Best Adapted Screenplay>Robert Benton";"Brokeback Mountain>Roger Ebert>Robert Redford";"Brokeback Mountain>Kate Winslet>Warren Beatty";"Brokeback Mountain>Leonardo DiCaprio>Richard Attenborough";"Brokeback Mountain>American Film Institute>James L. Brooks";"Brokeback Mountain>American Film Institute>Miloš Forman";"Brokeback Mountain>American Film Institute>Sydney Pollack";"Brokeback Mountain>Academy Award for Best Picture>Oliver Stone";"Brokeback Mountain>Academy Award for Best Adapted Screenplay>Bernardo Bertolucci";"Brokeback Mountain>American Film Institute>Barry Levinson";"Brokeback Mountain>Kate Winslet>Kevin Costner";"Brokeback Mountain>Academy Award for Best Director>Jonathan Demme";"Brokeback Mountain>American Film Institute>Clint Eastwood";"Brokeback Mountain>American Film Institute>Robert Zemeckis";"Brokeback Mountain>Leonardo DiCaprio>Mel Gibson";"Brokeback Mountain>Kate Winslet>Anthony Minghella";"Brokeback Mountain>American Film Institute>James Cameron";"Brokeback Mountain>American Film Institute>Steven Spielberg";"Brokeback Mountain>Kate Winslet>Sam Mendes";"Brokeback Mountain>Kate Winslet>Steven Soderbergh";"Brokeback Mountain>American Film Institute>Ron Howard";"Brokeback Mountain>Kate Winslet>Roman Polanski";"Brokeback Mountain>Crouching Tiger, Hidden Dragon>Ang Lee";"Brokeback Mountain>American Film Institute>Martin Scorsese";"Brokeback Mountain>Academy Award for Best Picture>Coen brothers";"Brokeback Mountain>Kate Winslet>Danny Boyle";"Brokeback Mountain>Kate Winslet>Kathryn Bigelow";"Brokeback Mountain>Academy Award for Best Director>Michel Hazanavicius";"Brokeback Mountain>Crouching Tiger, Hidden Dragon>Alfonso Cuarón"
"The Departed";"The Departed>Martin Scorsese>Robert Benton";"The Departed>Howard Hawks>Robert Redford";"The Departed>Martin Scorsese>Warren Beatty";"The Departed>Martin Scorsese>Richard Attenborough";"The Departed>American Film Institute>James L. Brooks";"The Departed>American Film Institute>Miloš Forman";"The Departed>American Film Institute>Sydney Pollack";"The Departed>Martin Scorsese>Oliver Stone";"The Departed>Martin Scorsese>Bernardo Bertolucci";"The Departed>American Film Institute>Barry Levinson";"The Departed>Martin Scorsese>Kevin Costner";"The Departed>Martin Scorsese>Jonathan Demme";"The Departed>American Film Institute>Clint Eastwood";"The Departed>American Film Institute>Robert Zemeckis";"The Departed>Martin Scorsese>Mel Gibson";"The Departed>Martin Scorsese>Anthony Minghella";"The Departed>American Film Institute>James Cameron";"The Departed>American Film Institute>Steven Spielberg";"The Departed>Martin Scorsese>Sam Mendes";"The Departed>Martin Scorsese>Steven Soderbergh";"The Departed>American Film Institute>Ron Howard";"The Departed>Martin Scorsese>Roman Polanski";"The Departed>Martin Scorsese>Ang Lee";"The Departed>American Film Institute>Martin Scorsese";"The Departed>Martin Scorsese>Coen brothers";"The Departed>Martin Scorsese>Danny Boyle";"The Departed>Martin Scorsese>Kathryn Bigelow";"The Departed>Martin Scorsese>Michel Hazanavicius";"The Departed>Martin Scorsese>Alfonso Cuarón"
"No Country for Old Men (film)";"No Country for Old Men (film)>Coen brothers>Robert Benton";"No Country for Old Men (film)>Alfred Hitchcock>Robert Redford";"No Country for Old Men (film)>Alfred Hitchcock>Warren Beatty";"No Country for Old Men (film)>Alfred Hitchcock>Richard Attenborough";"No Country for Old Men (film)>Alfred Hitchcock>James L. Brooks";"No Country for Old Men (film)>American Film Institute>Miloš Forman";"No Country for Old Men (film)>Alfred Hitchcock>Sydney Pollack";"No Country for Old Men (film)>Coen brothers>Oliver Stone";"No Country for Old Men (film)>Coen brothers>Bernardo Bertolucci";"No Country for Old Men (film)>American Film Institute>Barry Levinson";"No Country for Old Men (film)>Coen brothers>Kevin Costner";"No Country for Old Men (film)>Alfred Hitchcock>Jonathan Demme";"No Country for Old Men (film)>Alfred Hitchcock>Clint Eastwood";"No Country for Old Men (film)>American Film Institute>Robert Zemeckis";"No Country for Old Men (film)>Coen brothers>Mel Gibson";"No Country for Old Men (film)>Coen brothers>Anthony Minghella";"No Country for Old Men (film)>American Film Institute>James Cameron";"No Country for Old Men (film)>Alfred Hitchcock>Steven Spielberg";"No Country for Old Men (film)>Coen brothers>Sam Mendes";"No Country for Old Men (film)>Alfred Hitchcock>Steven Soderbergh";"No Country for Old Men (film)>American Film Institute>Ron Howard";"No Country for Old Men (film)>Coen brothers>Roman Polanski";"No Country for Old Men (film)>Alfred Hitchcock>Ang Lee";"No Country for Old Men (film)>Alfred Hitchcock>Martin Scorsese";"No Country for Old Men (film)>Coen brothers";"No Country for Old Men (film)>Coen brothers>Danny Boyle";"No Country for Old Men (film)>Alfred Hitchcock>Kathryn Bigelow";"No Country for Old Men (film)>Alfred Hitchcock>Michel Hazanavicius";"No Country for Old Men (film)>Coen brothers>Alfonso Cuarón"
"Slumdog Millionaire";"Slumdog Millionaire>Academy Award for Best Adapted Screenplay>Robert Benton";"Slumdog Millionaire>Warner Bros.>Robert Redford";"Slumdog Millionaire>Academy Award for Best Picture>Warren Beatty";"Slumdog Millionaire>Cinema of the United Kingdom>Richard Attenborough";"Slumdog Millionaire>Academy Award for Best Picture>James L. Brooks";"Slumdog Millionaire>Academy Award for Best Director>Miloš Forman";"Slumdog Millionaire>Academy Award for Best Picture>Sydney Pollack";"Slumdog Millionaire>Academy Award for Best Picture>Oliver Stone";"Slumdog Millionaire>Academy Award for Best Adapted Screenplay>Bernardo Bertolucci";"Slumdog Millionaire>Academy Award for Best Picture>Barry Levinson";"Slumdog Millionaire>Academy Award for Best Picture>Kevin Costner";"Slumdog Millionaire>Academy Award for Best Director>Jonathan Demme";"Slumdog Millionaire>Cinema of the United Kingdom>Clint Eastwood";"Slumdog Millionaire>Forrest Gump>Robert Zemeckis";"Slumdog Millionaire>Academy Award for Best Picture>Mel Gibson";"Slumdog Millionaire>Academy Award for Best Picture>Anthony Minghella";"Slumdog Millionaire>Academy Award for Best Picture>James Cameron";"Slumdog Millionaire>Roger Ebert>Steven Spielberg";"Slumdog Millionaire>Academy Award for Best Director>Sam Mendes";"Slumdog Millionaire>Academy Award for Best Director>Steven Soderbergh";"Slumdog Millionaire>Academy Award for Best Picture>Ron Howard";"Slumdog Millionaire>Cinema of the United Kingdom>Roman Polanski";"Slumdog Millionaire>Academy Award for Best Picture>Ang Lee";"Slumdog Millionaire>Roger Ebert>Martin Scorsese";"Slumdog Millionaire>Academy Award for Best Picture>Coen brothers";"Slumdog Millionaire>Bollywood>Danny Boyle";"Slumdog Millionaire>Academy Award for Best Picture>Kathryn Bigelow";"Slumdog Millionaire>Academy Award for Best Director>Michel Hazanavicius";"Slumdog Millionaire>Cinema of the United Kingdom>Alfonso Cuarón"
"The Hurt Locker";"The Hurt Locker>Academy Award for Best Director>Robert Benton";"The Hurt Locker>Warner Bros.>Robert Redford";"The Hurt Locker>Academy Award for Best Picture>Warren Beatty";"The Hurt Locker>War film>Richard Attenborough";"The Hurt Locker>American Film Institute>James L. Brooks";"The Hurt Locker>American Film Institute>Miloš Forman";"The Hurt Locker>American Film Institute>Sydney Pollack";"The Hurt Locker>Vietnam War>Oliver Stone";"The Hurt Locker>Academy Award for Best Director>Bernardo Bertolucci";"The Hurt Locker>American Film Institute>Barry Levinson";"The Hurt Locker>Academy Award for Best Picture>Kevin Costner";"The Hurt Locker>Academy Award for Best Director>Jonathan Demme";"The Hurt Locker>American Film Institute>Clint Eastwood";"The Hurt Locker>American Film Institute>Robert Zemeckis";"The Hurt Locker>Academy Award for Best Picture>Mel Gibson";"The Hurt Locker>Academy Award for Best Picture>Anthony Minghella";"The Hurt Locker>American Film Institute>James Cameron";"The Hurt Locker>American Film Institute>Steven Spielberg";"The Hurt Locker>Academy Award for Best Director>Sam Mendes";"The Hurt Locker>Academy Award for Best Director>Steven Soderbergh";"The Hurt Locker>American Film Institute>Ron Howard";"The Hurt Locker>Academy of Motion Picture Arts and Sciences>Roman Polanski";"The Hurt Locker>Academy Award for Best Picture>Ang Lee";"The Hurt Locker>American Film Institute>Martin Scorsese";"The Hurt Locker>Academy Award for Best Picture>Coen brothers";"The Hurt Locker>Academy Award for Best Picture>Danny Boyle";"The Hurt Locker>Academy Award for Best Picture>Kathryn Bigelow";"The Hurt Locker>Academy Award for Best Director>Michel Hazanavicius";"The Hurt Locker>Venice Film Festival>Alfonso Cuarón"
"The Artist (film)";"The Artist (film)>Billy Wilder>Robert Benton";"The Artist (film)>Alfred Hitchcock>Robert Redford";"The Artist (film)>Alfred Hitchcock>Warren Beatty";"The Artist (film)>Alfred Hitchcock>Richard Attenborough";"The Artist (film)>Alfred Hitchcock>James L. Brooks";"The Artist (film)>Fritz Lang>Miloš Forman";"The Artist (film)>Alfred Hitchcock>Sydney Pollack";"The Artist (film)>Billy Wilder>Oliver Stone";"The Artist (film)>Fritz Lang>Bernardo Bertolucci";"The Artist (film)>Billy Wilder>Barry Levinson";"The Artist (film)>Billy Wilder>Kevin Costner";"The Artist (film)>Alfred Hitchcock>Jonathan Demme";"The Artist (film)>Alfred Hitchcock>Clint Eastwood";"The Artist (film)>Billy Wilder>Robert Zemeckis";"The Artist (film)>Billy Wilder>Mel Gibson";"The Artist (film)>Billy Wilder>Anthony Minghella";"The Artist (film)>Billy Wilder>James Cameron";"The Artist (film)>Alfred Hitchcock>Steven Spielberg";"The Artist (film)>The Apartment>Sam Mendes";"The Artist (film)>Alfred Hitchcock>Steven Soderbergh";"The Artist (film)>Billy Wilder>Ron Howard";"The Artist (film)>Fritz Lang>Roman Polanski";"The Artist (film)>Alfred Hitchcock>Ang Lee";"The Artist (film)>Alfred Hitchcock>Martin Scorsese";"The Artist (film)>Alfred Hitchcock>Coen brothers";"The Artist (film)>Musical film>Danny Boyle";"The Artist (film)>Alfred Hitchcock>Kathryn Bigelow";"The Artist (film)>Alfred Hitchcock>Michel Hazanavicius";"The Artist (film)>Billy Wilder>Alfonso Cuarón"
"Gravity (2013 film)";"Gravity (2013 film)>Alfonso Cuarón>Robert Benton";"Gravity (2013 film)>Alfonso Cuarón>Robert Redford";"Gravity (2013 film)>Alfonso Cuarón>Warren Beatty";"Gravity (2013 film)>Alfonso Cuarón>Richard Attenborough";"Gravity (2013 film)>American Film Institute>James L. Brooks";"Gravity (2013 film)>American Film Institute>Miloš Forman";"Gravity (2013 film)>American Film Institute>Sydney Pollack";"Gravity (2013 film)>Alfonso Cuarón>Oliver Stone";"Gravity (2013 film)>Alfonso Cuarón>Bernardo Bertolucci";"Gravity (2013 film)>American Film Institute>Barry Levinson";"Gravity (2013 film)>Alfonso Cuarón>Kevin Costner";"Gravity (2013 film)>Alfonso Cuarón>Jonathan Demme";"Gravity (2013 film)>American Film Institute>Clint Eastwood";"Gravity (2013 film)>American Film Institute>Robert Zemeckis";"Gravity (2013 film)>Alfonso Cuarón>Mel Gibson";"Gravity (2013 film)>Alfonso Cuarón>Anthony Minghella";"Gravity (2013 film)>American Film Institute>James Cameron";"Gravity (2013 film)>American Film Institute>Steven Spielberg";"Gravity (2013 film)>Alfonso Cuarón>Sam Mendes";"Gravity (2013 film)>Alfonso Cuarón>Steven Soderbergh";"Gravity (2013 film)>American Film Institute>Ron Howard";"Gravity (2013 film)>Alfonso Cuarón>Roman Polanski";"Gravity (2013 film)>Alfonso Cuarón>Ang Lee";"Gravity (2013 film)>American Film Institute>Martin Scorsese";"Gravity (2013 film)>Alfonso Cuarón>Coen brothers";"Gravity (2013 film)>Alfonso Cuarón>Danny Boyle";"Gravity (2013 film)>Alfonso Cuarón>Kathryn Bigelow";"Gravity (2013 film)>Alfonso Cuarón>Michel Hazanavicius";"Gravity (2013 film)>James Cameron>Alfonso Cuarón"
