"";"Springfield, Illinois";"Indianapolis";"Des Moines, Iowa";"Topeka, Kansas";"Lansing, Michigan";"Saint Paul, Minnesota";"Jefferson City, Missouri";"Harrisburg, Pennsylvania";"Providence, Rhode Island";"Montpelier, Vermont";"Montgomery, Alabama";"Little Rock, Arkansas";"Dover, Delaware";"Tallahassee, Florida";"Baton Rouge, Louisiana";"Annapolis, Maryland";"Jackson, Mississippi";"Raleigh, North Carolina";"Oklahoma City";"Nashville, Tennessee";"Austin, Texas";"Phoenix, Arizona";"Sacramento, California";"Carson City, Nevada";"Santa Fe, New Mexico";"Salem, Oregon";"Salt Lake City, Utah";"Cheyenne, Wyoming"
"Illinois";"Illinois>Abraham Lincoln>Springfield, Illinois";"Illinois>American English>Indianapolis";"Illinois>Atlanta>Des Moines, Iowa";"Illinois>Atlanta>Topeka, Kansas";"Illinois>American English>Lansing, Michigan";"Illinois>Atlanta>Saint Paul, Minnesota";"Illinois>Atlanta>Jefferson City, Missouri";"Illinois>Atlanta>Harrisburg, Pennsylvania";"Illinois>Atlanta>Providence, Rhode Island";"Illinois>Atlanta>Montpelier, Vermont";"Illinois>African Americans>Montgomery, Alabama";"Illinois>Atlanta>Little Rock, Arkansas";"Illinois>Atlanta>Dover, Delaware";"Illinois>Atlanta>Tallahassee, Florida";"Illinois>African Americans>Baton Rouge, Louisiana";"Illinois>Atlanta>Annapolis, Maryland";"Illinois>African Americans>Jackson, Mississippi";"Illinois>African Americans>Raleigh, North Carolina";"Illinois>Atlanta>Oklahoma City";"Illinois>American Civil War>Nashville, Tennessee";"Illinois>Atlanta>Austin, Texas";"Illinois>Arizona Cardinals>Phoenix, Arizona";"Illinois>Atlanta>Sacramento, California";"Illinois>Atlanta>Carson City, Nevada";"Illinois>Atlanta>Santa Fe, New Mexico";"Illinois>Atlanta>Salem, Oregon";"Illinois>Atlanta>Salt Lake City";"Illinois>Atlanta>Cheyenne, Wyoming"
"Indiana";"Indiana>Fort Wayne, Indiana>Springfield, Illinois";"Indiana>American Football Conference>Indianapolis";"Indiana>Fort Wayne, Indiana>Des Moines, Iowa";"Indiana>Fort Wayne, Indiana>Topeka, Kansas";"Indiana>Fort Wayne, Indiana>Lansing, Michigan";"Indiana>Canadian Pacific Railway>Saint Paul, Minnesota";"Indiana>Fort Wayne, Indiana>Jefferson City, Missouri";"Indiana>Maryland>Harrisburg, Pennsylvania";"Indiana>Maryland>Providence, Rhode Island";"Indiana>Kentucky>Montpelier, Vermont";"Indiana>African Americans>Montgomery, Alabama";"Indiana>Indianapolis>Little Rock, Arkansas";"Indiana>Maryland>Dover, Delaware";"Indiana>Indianapolis>Tallahassee, Florida";"Indiana>African Americans>Baton Rouge, Louisiana";"Indiana>Baltimore Ravens>Annapolis, Maryland";"Indiana>African Americans>Jackson, Mississippi";"Indiana>African Americans>Raleigh, North Carolina";"Indiana>National Basketball Association>Oklahoma City";"Indiana>American Football Conference>Nashville, Tennessee";"Indiana>Formula One>Austin, Texas";"Indiana>Barry Goldwater>Phoenix, Arizona";"Indiana>National Basketball Association>Sacramento, California";"Indiana>Indianapolis>Carson City, Nevada";"Indiana>Native Americans in the United States>Santa Fe, New Mexico";"Indiana>Herbert Hoover>Salem, Oregon";"Indiana>Mormons>Salt Lake City";"Indiana>Indianapolis>Cheyenne, Wyoming"
"Iowa";"Iowa>Abraham Lincoln>Springfield, Illinois";"Iowa>Des Moines, Iowa>Indianapolis";"Iowa>Ames, Iowa>Des Moines, Iowa";"Iowa>Des Moines, Iowa>Topeka, Kansas";"Iowa>Des Moines, Iowa>Lansing, Michigan";"Iowa>Des Moines, Iowa>Saint Paul, Minnesota";"Iowa>Des Moines, Iowa>Jefferson City, Missouri";"Iowa>Des Moines, Iowa>Harrisburg, Pennsylvania";"Iowa>Des Moines, Iowa>Providence, Rhode Island";"Iowa>Des Moines, Iowa>Montpelier, Vermont";"Iowa>Arkansas>Montgomery, Alabama";"Iowa>Arkansas>Little Rock, Arkansas";"Iowa>Des Moines, Iowa>Dover, Delaware";"Iowa>Arkansas>Tallahassee, Florida";"Iowa>Arkansas>Baton Rouge, Louisiana";"Iowa>Des Moines, Iowa>Annapolis, Maryland";"Iowa>Arkansas>Jackson, Mississippi";"Iowa>Arkansas>Raleigh, North Carolina";"Iowa>Arkansas>Oklahoma City";"Iowa>Arkansas>Nashville, Tennessee";"Iowa>Arkansas>Austin, Texas";"Iowa>Des Moines, Iowa>Phoenix, Arizona";"Iowa>Des Moines, Iowa>Sacramento, California";"Iowa>Des Moines, Iowa>Carson City, Nevada";"Iowa>Arkansas>Santa Fe, New Mexico";"Iowa>Des Moines, Iowa>Salem, Oregon";"Iowa>Des Moines, Iowa>Salt Lake City";"Iowa>Des Moines, Iowa>Cheyenne, Wyoming"
"Kansas";"Kansas>Denver>Springfield, Illinois";"Kansas>Auto racing>Indianapolis";"Kansas>Denver>Des Moines, Iowa";"Kansas>Denver>Topeka, Kansas";"Kansas>Denver>Lansing, Michigan";"Kansas>Denver>Saint Paul, Minnesota";"Kansas>Denver>Jefferson City, Missouri";"Kansas>Denver>Harrisburg, Pennsylvania";"Kansas>Denver>Providence, Rhode Island";"Kansas>Denver>Montpelier, Vermont";"Kansas>Arkansas>Montgomery, Alabama";"Kansas>Arkansas>Little Rock, Arkansas";"Kansas>Denver>Dover, Delaware";"Kansas>Arkansas>Tallahassee, Florida";"Kansas>Arkansas>Baton Rouge, Louisiana";"Kansas>Denver>Annapolis, Maryland";"Kansas>Arkansas>Jackson, Mississippi";"Kansas>Arkansas>Raleigh, North Carolina";"Kansas>Arkansas>Oklahoma City";"Kansas>American Civil War>Nashville, Tennessee";"Kansas>Arkansas>Austin, Texas";"Kansas>Colorado>Phoenix, Arizona";"Kansas>Colorado>Sacramento, California";"Kansas>Colorado>Carson City, Nevada";"Kansas>Arkansas>Santa Fe, New Mexico";"Kansas>Colorado>Salem, Oregon";"Kansas>Colorado>Salt Lake City";"Kansas>Colorado>Cheyenne, Wyoming"
"Michigan";"Michigan>Detroit>Springfield, Illinois";"Michigan>Detroit>Indianapolis";"Michigan>Ronald Reagan>Des Moines, Iowa";"Michigan>Detroit>Topeka, Kansas";"Michigan>Ann Arbor, Michigan>Lansing, Michigan";"Michigan>Canadian Pacific Railway>Saint Paul, Minnesota";"Michigan>Detroit>Jefferson City, Missouri";"Michigan>Lansing, Michigan>Harrisburg, Pennsylvania";"Michigan>Lansing, Michigan>Providence, Rhode Island";"Michigan>Lansing, Michigan>Montpelier, Vermont";"Michigan>African Americans>Montgomery, Alabama";"Michigan>Louisiana>Little Rock, Arkansas";"Michigan>Lansing, Michigan>Dover, Delaware";"Michigan>Louisiana>Tallahassee, Florida";"Michigan>African Americans>Baton Rouge, Louisiana";"Michigan>Lansing, Michigan>Annapolis, Maryland";"Michigan>African Americans>Jackson, Mississippi";"Michigan>African Americans>Raleigh, North Carolina";"Michigan>Louisiana>Oklahoma City";"Michigan>American Civil War>Nashville, Tennessee";"Michigan>Louisiana>Austin, Texas";"Michigan>Illinois>Phoenix, Arizona";"Michigan>Lansing, Michigan>Sacramento, California";"Michigan>Lansing, Michigan>Carson City, Nevada";"Michigan>Louisiana>Santa Fe, New Mexico";"Michigan>Lansing, Michigan>Salem, Oregon";"Michigan>Lansing, Michigan>Salt Lake City";"Michigan>Lansing, Michigan>Cheyenne, Wyoming"
"Minnesota";"Minnesota>Michigan>Springfield, Illinois";"Minnesota>Michigan>Indianapolis";"Minnesota>Ronald Reagan>Des Moines, Iowa";"Minnesota>Michigan>Topeka, Kansas";"Minnesota>Michigan>Lansing, Michigan";"Minnesota>Garrison Keillor>Saint Paul, Minnesota";"Minnesota>Louisiana Purchase>Jefferson City, Missouri";"Minnesota>Saint Paul, Minnesota>Harrisburg, Pennsylvania";"Minnesota>Saint Paul, Minnesota>Providence, Rhode Island";"Minnesota>Saint Paul, Minnesota>Montpelier, Vermont";"Minnesota>Saint Paul, Minnesota>Montgomery, Alabama";"Minnesota>Saint Paul, Minnesota>Little Rock, Arkansas";"Minnesota>Saint Paul, Minnesota>Dover, Delaware";"Minnesota>Saint Paul, Minnesota>Tallahassee, Florida";"Minnesota>Art Deco>Baton Rouge, Louisiana";"Minnesota>Saint Paul, Minnesota>Annapolis, Maryland";"Minnesota>Saint Paul, Minnesota>Jackson, Mississippi";"Minnesota>Saint Paul, Minnesota>Raleigh, North Carolina";"Minnesota>Los Angeles Dodgers>Oklahoma City";"Minnesota>Saint Paul, Minnesota>Nashville, Tennessee";"Minnesota>Civilian Conservation Corps>Austin, Texas";"Minnesota>Los Angeles Dodgers>Phoenix, Arizona";"Minnesota>Suburb>Sacramento, California";"Minnesota>Saint Paul, Minnesota>Carson City, Nevada";"Minnesota>Civilian Conservation Corps>Santa Fe, New Mexico";"Minnesota>Saint Paul, Minnesota>Salem, Oregon";"Minnesota>Suburb>Salt Lake City";"Minnesota>Saint Paul, Minnesota>Cheyenne, Wyoming"
"Missouri";"Missouri>Atlanta>Springfield, Illinois";"Missouri>American English>Indianapolis";"Missouri>Atlanta>Des Moines, Iowa";"Missouri>Atlanta>Topeka, Kansas";"Missouri>American English>Lansing, Michigan";"Missouri>Atlanta>Saint Paul, Minnesota";"Missouri>Atlanta>Jefferson City, Missouri";"Missouri>Atlanta>Harrisburg, Pennsylvania";"Missouri>Atlanta>Providence, Rhode Island";"Missouri>Atlanta>Montpelier, Vermont";"Missouri>Arkansas>Montgomery, Alabama";"Missouri>Arkansas>Little Rock, Arkansas";"Missouri>Atlanta>Dover, Delaware";"Missouri>Arkansas>Tallahassee, Florida";"Missouri>Art Deco>Baton Rouge, Louisiana";"Missouri>Atlanta>Annapolis, Maryland";"Missouri>Arkansas>Jackson, Mississippi";"Missouri>Arkansas>Raleigh, North Carolina";"Missouri>Arkansas>Oklahoma City";"Missouri>American Civil War>Nashville, Tennessee";"Missouri>Arkansas>Austin, Texas";"Missouri>Arizona Cardinals>Phoenix, Arizona";"Missouri>Atlanta>Sacramento, California";"Missouri>Atlanta>Carson City, Nevada";"Missouri>Arkansas>Santa Fe, New Mexico";"Missouri>Atlanta>Salem, Oregon";"Missouri>Atlanta>Salt Lake City";"Missouri>Atlanta>Cheyenne, Wyoming"
"Pennsylvania";"Pennsylvania>Chicago>Springfield, Illinois";"Pennsylvania>Chicago>Indianapolis";"Pennsylvania>Chicago>Des Moines, Iowa";"Pennsylvania>Chicago>Topeka, Kansas";"Pennsylvania>Chicago>Lansing, Michigan";"Pennsylvania>Chicago>Saint Paul, Minnesota";"Pennsylvania>Chicago>Jefferson City, Missouri";"Pennsylvania>Battle of Gettysburg>Harrisburg, Pennsylvania";"Pennsylvania>Delaware>Providence, Rhode Island";"Pennsylvania>Delaware>Montpelier, Vermont";"Pennsylvania>Alabama>Montgomery, Alabama";"Pennsylvania>Alabama>Little Rock, Arkansas";"Pennsylvania>Delaware>Dover, Delaware";"Pennsylvania>Alabama>Tallahassee, Florida";"Pennsylvania>Alabama>Baton Rouge, Louisiana";"Pennsylvania>Delaware>Annapolis, Maryland";"Pennsylvania>Alabama>Jackson, Mississippi";"Pennsylvania>Alabama>Raleigh, North Carolina";"Pennsylvania>Alabama>Oklahoma City";"Pennsylvania>Alabama>Nashville, Tennessee";"Pennsylvania>Alabama>Austin, Texas";"Pennsylvania>Immigration to the United States>Phoenix, Arizona";"Pennsylvania>National Basketball Association>Sacramento, California";"Pennsylvania>Utah>Carson City, Nevada";"Pennsylvania>Alabama>Santa Fe, New Mexico";"Pennsylvania>Utah>Salem, Oregon";"Pennsylvania>Immigration to the United States>Salt Lake City";"Pennsylvania>Utah>Cheyenne, Wyoming"
"Rhode Island";"Rhode Island>Abraham Lincoln>Springfield, Illinois";"Rhode Island>American English>Indianapolis";"Rhode Island>Ronald Reagan>Des Moines, Iowa";"Rhode Island>Michigan>Topeka, Kansas";"Rhode Island>American English>Lansing, Michigan";"Rhode Island>Michigan>Saint Paul, Minnesota";"Rhode Island>Michigan>Jefferson City, Missouri";"Rhode Island>Connecticut>Harrisburg, Pennsylvania";"Rhode Island>Brown University>Providence, Rhode Island";"Rhode Island>Connecticut>Montpelier, Vermont";"Rhode Island>African Americans>Montgomery, Alabama";"Rhode Island>Hartford, Connecticut>Little Rock, Arkansas";"Rhode Island>Connecticut>Dover, Delaware";"Rhode Island>Hartford, Connecticut>Tallahassee, Florida";"Rhode Island>African Americans>Baton Rouge, Louisiana";"Rhode Island>Connecticut>Annapolis, Maryland";"Rhode Island>African Americans>Jackson, Mississippi";"Rhode Island>African Americans>Raleigh, North Carolina";"Rhode Island>National Basketball Association>Oklahoma City";"Rhode Island>American Civil War>Nashville, Tennessee";"Rhode Island>Immigration to the United States>Austin, Texas";"Rhode Island>Immigration to the United States>Phoenix, Arizona";"Rhode Island>National Basketball Association>Sacramento, California";"Rhode Island>Hartford, Connecticut>Carson City, Nevada";"Rhode Island>Native Americans in the United States>Santa Fe, New Mexico";"Rhode Island>Hartford, Connecticut>Salem, Oregon";"Rhode Island>Immigration to the United States>Salt Lake City";"Rhode Island>Hartford, Connecticut>Cheyenne, Wyoming"
"Vermont";"Vermont>Abraham Lincoln>Springfield, Illinois";"Vermont>George H. W. Bush>Indianapolis";"Vermont>Montpelier, Vermont>Des Moines, Iowa";"Vermont>Montpelier, Vermont>Topeka, Kansas";"Vermont>Montpelier, Vermont>Lansing, Michigan";"Vermont>Mississippi River>Saint Paul, Minnesota";"Vermont>Montpelier, Vermont>Jefferson City, Missouri";"Vermont>Maine>Harrisburg, Pennsylvania";"Vermont>H. P. Lovecraft>Providence, Rhode Island";"Vermont>Lake Champlain>Montpelier, Vermont";"Vermont>Arkansas>Montgomery, Alabama";"Vermont>Arkansas>Little Rock, Arkansas";"Vermont>Maine>Dover, Delaware";"Vermont>Arkansas>Tallahassee, Florida";"Vermont>Arkansas>Baton Rouge, Louisiana";"Vermont>Maine>Annapolis, Maryland";"Vermont>Arkansas>Jackson, Mississippi";"Vermont>Arkansas>Raleigh, North Carolina";"Vermont>Arkansas>Oklahoma City";"Vermont>American Civil War>Nashville, Tennessee";"Vermont>Arkansas>Austin, Texas";"Vermont>Bill Clinton>Phoenix, Arizona";"Vermont>Mining>Sacramento, California";"Vermont>Wyoming>Carson City, Nevada";"Vermont>Arkansas>Santa Fe, New Mexico";"Vermont>Phish>Salem, Oregon";"Vermont>Brigham Young>Salt Lake City";"Vermont>Wyoming>Cheyenne, Wyoming"
"Alabama";"Alabama>Illinois>Springfield, Illinois";"Alabama>Illinois>Indianapolis";"Alabama>Illinois>Des Moines, Iowa";"Alabama>Illinois>Topeka, Kansas";"Alabama>Illinois>Lansing, Michigan";"Alabama>Illinois>Saint Paul, Minnesota";"Alabama>Illinois>Jefferson City, Missouri";"Alabama>Philadelphia>Harrisburg, Pennsylvania";"Alabama>NBC>Providence, Rhode Island";"Alabama>Kentucky>Montpelier, Vermont";"Alabama>Montgomery, Alabama";"Alabama>Little Rock, Arkansas";"Alabama>Philadelphia>Dover, Delaware";"Alabama>Tallahassee, Florida";"Alabama>Baton Rouge, Louisiana";"Alabama>Philadelphia>Annapolis, Maryland";"Alabama>Jackson, Mississippi";"Alabama>Raleigh, North Carolina";"Alabama>Oklahoma City";"Alabama>Nashville, Tennessee";"Alabama>Austin, Texas";"Alabama>Illinois>Phoenix, Arizona";"Alabama>Philadelphia>Sacramento, California";"Alabama>Montgomery, Alabama>Carson City, Nevada";"Alabama>Santa Fe, New Mexico";"Alabama>Montgomery, Alabama>Salem, Oregon";"Alabama>Gerrymandering>Salt Lake City";"Alabama>Hail>Cheyenne, Wyoming"
"Arkansas";"Arkansas>Abraham Lincoln>Springfield, Illinois";"Arkansas>George H. W. Bush>Indianapolis";"Arkansas>Samuel Ryan Curtis>Des Moines, Iowa";"Arkansas>Kansas>Topeka, Kansas";"Arkansas>Kansas>Lansing, Michigan";"Arkansas>Kansas>Saint Paul, Minnesota";"Arkansas>Kansas>Jefferson City, Missouri";"Arkansas>Austin, Texas>Harrisburg, Pennsylvania";"Arkansas>Washington, D.C.>Providence, Rhode Island";"Arkansas>List of capitals in the United States>Montpelier, Vermont";"Arkansas>Montgomery, Alabama";"Arkansas>Little Rock, Arkansas";"Arkansas>List of capitals in the United States>Dover, Delaware";"Arkansas>Tallahassee, Florida";"Arkansas>Baton Rouge, Louisiana";"Arkansas>Washington, D.C.>Annapolis, Maryland";"Arkansas>Jackson, Mississippi";"Arkansas>Raleigh, North Carolina";"Arkansas>Oklahoma City";"Arkansas>American Civil War>Nashville, Tennessee";"Arkansas>Austin, Texas";"Arkansas>Bill Clinton>Phoenix, Arizona";"Arkansas>Missouri>Sacramento, California";"Arkansas>List of capitals in the United States>Carson City, Nevada";"Arkansas>Santa Fe, New Mexico";"Arkansas>List of capitals in the United States>Salem, Oregon";"Arkansas>The Church of Jesus Christ of Latter-day Saints>Salt Lake City";"Arkansas>List of capitals in the United States>Cheyenne, Wyoming"
"Delaware";"Delaware>Dover, Delaware>Springfield, Illinois";"Delaware>Maryland>Indianapolis";"Delaware>Philadelphia>Des Moines, Iowa";"Delaware>Dover, Delaware>Topeka, Kansas";"Delaware>Dover, Delaware>Lansing, Michigan";"Delaware>John McCain>Saint Paul, Minnesota";"Delaware>Dover, Delaware>Jefferson City, Missouri";"Delaware>Harrisburg, Pennsylvania";"Delaware>Providence, Rhode Island";"Delaware>Montpelier, Vermont";"Delaware>African Americans>Montgomery, Alabama";"Delaware>Virginia>Little Rock, Arkansas";"Delaware>Dover, Delaware";"Delaware>Virginia>Tallahassee, Florida";"Delaware>African Americans>Baton Rouge, Louisiana";"Delaware>Annapolis, Maryland";"Delaware>African Americans>Jackson, Mississippi";"Delaware>African Americans>Raleigh, North Carolina";"Delaware>Virginia>Oklahoma City";"Delaware>American Civil War>Nashville, Tennessee";"Delaware>Virginia>Austin, Texas";"Delaware>North America>Phoenix, Arizona";"Delaware>Drexel University>Sacramento, California";"Delaware>Dover, Delaware>Carson City, Nevada";"Delaware>Native Americans in the United States>Santa Fe, New Mexico";"Delaware>Dover, Delaware>Salem, Oregon";"Delaware>Natural Law Party (United States)>Salt Lake City";"Delaware>Dover, Delaware>Cheyenne, Wyoming"
"Florida";"Florida>Michigan>Springfield, Illinois";"Florida>American English>Indianapolis";"Florida>Michigan>Des Moines, Iowa";"Florida>Michigan>Topeka, Kansas";"Florida>American English>Lansing, Michigan";"Florida>Michigan>Saint Paul, Minnesota";"Florida>Louisiana Purchase>Jefferson City, Missouri";"Florida>Amtrak>Harrisburg, Pennsylvania";"Florida>Baptists>Providence, Rhode Island";"Florida>Tallahassee, Florida>Montpelier, Vermont";"Florida>Alabama>Montgomery, Alabama";"Florida>Alabama>Little Rock, Arkansas";"Florida>Tallahassee, Florida>Dover, Delaware";"Florida>Alabama>Tallahassee, Florida";"Florida>Alabama>Baton Rouge, Louisiana";"Florida>Tallahassee, Florida>Annapolis, Maryland";"Florida>Alabama>Jackson, Mississippi";"Florida>Alabama>Raleigh, North Carolina";"Florida>Alabama>Oklahoma City";"Florida>Alabama>Nashville, Tennessee";"Florida>Alabama>Austin, Texas";"Florida>Arizona State University>Phoenix, Arizona";"Florida>California>Sacramento, California";"Florida>California>Carson City, Nevada";"Florida>Alabama>Santa Fe, New Mexico";"Florida>California>Salem, Oregon";"Florida>California>Salt Lake City";"Florida>California>Cheyenne, Wyoming"
"Louisiana";"Louisiana>Abraham Lincoln>Springfield, Illinois";"Louisiana>American English>Indianapolis";"Louisiana>Fort Wayne, Indiana>Des Moines, Iowa";"Louisiana>Fort Wayne, Indiana>Topeka, Kansas";"Louisiana>American English>Lansing, Michigan";"Louisiana>Fort Wayne, Indiana>Saint Paul, Minnesota";"Louisiana>Fort Wayne, Indiana>Jefferson City, Missouri";"Louisiana>Baton Rouge, Louisiana>Harrisburg, Pennsylvania";"Louisiana>Baton Rouge, Louisiana>Providence, Rhode Island";"Louisiana>Baton Rouge, Louisiana>Montpelier, Vermont";"Louisiana>Arkansas>Montgomery, Alabama";"Louisiana>Arkansas>Little Rock, Arkansas";"Louisiana>Baton Rouge, Louisiana>Dover, Delaware";"Louisiana>Arkansas>Tallahassee, Florida";"Louisiana>Arkansas>Baton Rouge, Louisiana";"Louisiana>Baton Rouge, Louisiana>Annapolis, Maryland";"Louisiana>Arkansas>Jackson, Mississippi";"Louisiana>Arkansas>Raleigh, North Carolina";"Louisiana>Arkansas>Oklahoma City";"Louisiana>American Civil War>Nashville, Tennessee";"Louisiana>Arkansas>Austin, Texas";"Louisiana>Fort Wayne, Indiana>Phoenix, Arizona";"Louisiana>National Basketball Association>Sacramento, California";"Louisiana>Baton Rouge, Louisiana>Carson City, Nevada";"Louisiana>Arkansas>Santa Fe, New Mexico";"Louisiana>Baton Rouge, Louisiana>Salem, Oregon";"Louisiana>National Basketball Association>Salt Lake City";"Louisiana>Baton Rouge, Louisiana>Cheyenne, Wyoming"
"Maryland";"Maryland>Abraham Lincoln>Springfield, Illinois";"Maryland>American English>Indianapolis";"Maryland>Chicago>Des Moines, Iowa";"Maryland>Chicago>Topeka, Kansas";"Maryland>American English>Lansing, Michigan";"Maryland>Chicago>Saint Paul, Minnesota";"Maryland>Chicago>Jefferson City, Missouri";"Maryland>Connecticut>Harrisburg, Pennsylvania";"Maryland>Connecticut>Providence, Rhode Island";"Maryland>Connecticut>Montpelier, Vermont";"Maryland>Arkansas>Montgomery, Alabama";"Maryland>Arkansas>Little Rock, Arkansas";"Maryland>Connecticut>Dover, Delaware";"Maryland>Arkansas>Tallahassee, Florida";"Maryland>Arkansas>Baton Rouge, Louisiana";"Maryland>Baltimore Ravens>Annapolis, Maryland";"Maryland>Arkansas>Jackson, Mississippi";"Maryland>Arkansas>Raleigh, North Carolina";"Maryland>Arkansas>Oklahoma City";"Maryland>American Civil War>Nashville, Tennessee";"Maryland>Arkansas>Austin, Texas";"Maryland>Bill Clinton>Phoenix, Arizona";"Maryland>Mining>Sacramento, California";"Maryland>Indianapolis>Carson City, Nevada";"Maryland>Arkansas>Santa Fe, New Mexico";"Maryland>Indianapolis>Salem, Oregon";"Maryland>Immigration to the United States>Salt Lake City";"Maryland>Indianapolis>Cheyenne, Wyoming"
"Mississippi";"Mississippi>Cleveland>Springfield, Illinois";"Mississippi>Cleveland>Indianapolis";"Mississippi>Cleveland>Des Moines, Iowa";"Mississippi>Cleveland>Topeka, Kansas";"Mississippi>Cleveland>Lansing, Michigan";"Mississippi>Cleveland>Saint Paul, Minnesota";"Mississippi>Cleveland>Jefferson City, Missouri";"Mississippi>Jackson, Mississippi>Harrisburg, Pennsylvania";"Mississippi>Jackson, Mississippi>Providence, Rhode Island";"Mississippi>Jackson, Mississippi>Montpelier, Vermont";"Mississippi>Alabama>Montgomery, Alabama";"Mississippi>Alabama>Little Rock, Arkansas";"Mississippi>Jackson, Mississippi>Dover, Delaware";"Mississippi>Alabama>Tallahassee, Florida";"Mississippi>Alabama>Baton Rouge, Louisiana";"Mississippi>Jackson, Mississippi>Annapolis, Maryland";"Mississippi>Alabama>Jackson, Mississippi";"Mississippi>Alabama>Raleigh, North Carolina";"Mississippi>Alabama>Oklahoma City";"Mississippi>Alabama>Nashville, Tennessee";"Mississippi>Alabama>Austin, Texas";"Mississippi>Barry Goldwater>Phoenix, Arizona";"Mississippi>California>Sacramento, California";"Mississippi>California>Carson City, Nevada";"Mississippi>Alabama>Santa Fe, New Mexico";"Mississippi>California>Salem, Oregon";"Mississippi>California>Salt Lake City";"Mississippi>California>Cheyenne, Wyoming"
"North Carolina";"North Carolina>Abraham Lincoln>Springfield, Illinois";"North Carolina>National Football League>Indianapolis";"North Carolina>Richmond, Virginia>Des Moines, Iowa";"North Carolina>Richmond, Virginia>Topeka, Kansas";"North Carolina>Richmond, Virginia>Lansing, Michigan";"North Carolina>Mississippi River>Saint Paul, Minnesota";"North Carolina>Richmond, Virginia>Jefferson City, Missouri";"North Carolina>Battle of Gettysburg>Harrisburg, Pennsylvania";"North Carolina>Richmond, Virginia>Providence, Rhode Island";"North Carolina>Richmond, Virginia>Montpelier, Vermont";"North Carolina>Confederate States of America>Montgomery, Alabama";"North Carolina>Bill Clinton>Little Rock, Arkansas";"North Carolina>Richmond, Virginia>Dover, Delaware";"North Carolina>Tallahassee, Florida";"North Carolina>Mississippi River>Baton Rouge, Louisiana";"North Carolina>Jimmy Carter>Annapolis, Maryland";"North Carolina>Blues>Jackson, Mississippi";"North Carolina>Carolina Panthers>Raleigh, North Carolina";"North Carolina>Oklahoma City";"North Carolina>American Civil War>Nashville, Tennessee";"North Carolina>Austin, Texas";"North Carolina>Bill Clinton>Phoenix, Arizona";"North Carolina>National Basketball Association>Sacramento, California";"North Carolina>Richmond, Virginia>Carson City, Nevada";"North Carolina>Native Americans in the United States>Santa Fe, New Mexico";"North Carolina>Richmond, Virginia>Salem, Oregon";"North Carolina>National Basketball Association>Salt Lake City";"North Carolina>Richmond, Virginia>Cheyenne, Wyoming"
"Oklahoma";"Oklahoma>Chicago>Springfield, Illinois";"Oklahoma>Chicago>Indianapolis";"Oklahoma>Chicago>Des Moines, Iowa";"Oklahoma>Chicago>Topeka, Kansas";"Oklahoma>Chicago>Lansing, Michigan";"Oklahoma>Chicago>Saint Paul, Minnesota";"Oklahoma>Chicago>Jefferson City, Missouri";"Oklahoma>Amtrak>Harrisburg, Pennsylvania";"Oklahoma>Chinese Americans>Providence, Rhode Island";"Oklahoma>Oklahoma City>Montpelier, Vermont";"Oklahoma>Arkansas>Montgomery, Alabama";"Oklahoma>Arkansas>Little Rock, Arkansas";"Oklahoma>Oklahoma City>Dover, Delaware";"Oklahoma>Arkansas>Tallahassee, Florida";"Oklahoma>Arkansas>Baton Rouge, Louisiana";"Oklahoma>Jimmy Carter>Annapolis, Maryland";"Oklahoma>Arkansas>Jackson, Mississippi";"Oklahoma>Arkansas>Raleigh, North Carolina";"Oklahoma>Arkansas>Oklahoma City";"Oklahoma>American Civil War>Nashville, Tennessee";"Oklahoma>Arkansas>Austin, Texas";"Oklahoma>Bill Clinton>Phoenix, Arizona";"Oklahoma>Bob Wills>Sacramento, California";"Oklahoma>Colorado>Carson City, Nevada";"Oklahoma>Arkansas>Santa Fe, New Mexico";"Oklahoma>Colorado>Salem, Oregon";"Oklahoma>Colorado>Salt Lake City";"Oklahoma>Colorado>Cheyenne, Wyoming"
"Tennessee";"Tennessee>Abraham Lincoln>Springfield, Illinois";"Tennessee>Chicago>Indianapolis";"Tennessee>Chicago>Des Moines, Iowa";"Tennessee>Chicago>Topeka, Kansas";"Tennessee>Chicago>Lansing, Michigan";"Tennessee>Chicago>Saint Paul, Minnesota";"Tennessee>Chicago>Jefferson City, Missouri";"Tennessee>Nashville, Tennessee>Harrisburg, Pennsylvania";"Tennessee>Nashville, Tennessee>Providence, Rhode Island";"Tennessee>Kentucky>Montpelier, Vermont";"Tennessee>Alabama>Montgomery, Alabama";"Tennessee>Alabama>Little Rock, Arkansas";"Tennessee>Nashville, Tennessee>Dover, Delaware";"Tennessee>Alabama>Tallahassee, Florida";"Tennessee>Alabama>Baton Rouge, Louisiana";"Tennessee>Jimmy Carter>Annapolis, Maryland";"Tennessee>Alabama>Jackson, Mississippi";"Tennessee>Alabama>Raleigh, North Carolina";"Tennessee>Alabama>Oklahoma City";"Tennessee>Alabama>Nashville, Tennessee";"Tennessee>Alabama>Austin, Texas";"Tennessee>Bill Clinton>Phoenix, Arizona";"Tennessee>Missouri>Sacramento, California";"Tennessee>Nashville, Tennessee>Carson City, Nevada";"Tennessee>Alabama>Santa Fe, New Mexico";"Tennessee>Herbert Hoover>Salem, Oregon";"Tennessee>The Church of Jesus Christ of Latter-day Saints>Salt Lake City";"Tennessee>Hail>Cheyenne, Wyoming"
"Texas";"Texas>Abraham Lincoln>Springfield, Illinois";"Texas>American English>Indianapolis";"Texas>Austin, Texas>Des Moines, Iowa";"Texas>Austin, Texas>Topeka, Kansas";"Texas>American English>Lansing, Michigan";"Texas>Austin, Texas>Saint Paul, Minnesota";"Texas>Austin, Texas>Jefferson City, Missouri";"Texas>Austin, Texas>Harrisburg, Pennsylvania";"Texas>Austin, Texas>Providence, Rhode Island";"Texas>Austin, Texas>Montpelier, Vermont";"Texas>Arkansas>Montgomery, Alabama";"Texas>Arkansas>Little Rock, Arkansas";"Texas>Austin, Texas>Dover, Delaware";"Texas>Arkansas>Tallahassee, Florida";"Texas>Arkansas>Baton Rouge, Louisiana";"Texas>Austin, Texas>Annapolis, Maryland";"Texas>Arkansas>Jackson, Mississippi";"Texas>Arkansas>Raleigh, North Carolina";"Texas>Arkansas>Oklahoma City";"Texas>American Civil War>Nashville, Tennessee";"Texas>Arkansas>Austin, Texas";"Texas>Austin, Texas>Phoenix, Arizona";"Texas>Austin, Texas>Sacramento, California";"Texas>Austin, Texas>Carson City, Nevada";"Texas>Arkansas>Santa Fe, New Mexico";"Texas>Austin, Texas>Salem, Oregon";"Texas>Austin, Texas>Salt Lake City";"Texas>Austin, Texas>Cheyenne, Wyoming"
"Arizona";"Arizona>Abraham Lincoln>Springfield, Illinois";"Arizona>Mexico City>Indianapolis";"Arizona>Ronald Reagan>Des Moines, Iowa";"Arizona>Nebraska>Topeka, Kansas";"Arizona>Nebraska>Lansing, Michigan";"Arizona>Nebraska>Saint Paul, Minnesota";"Arizona>Nebraska>Jefferson City, Missouri";"Arizona>Phoenix, Arizona>Harrisburg, Pennsylvania";"Arizona>Phoenix, Arizona>Providence, Rhode Island";"Arizona>Phoenix, Arizona>Montpelier, Vermont";"Arizona>Confederate States of America>Montgomery, Alabama";"Arizona>Bill Clinton>Little Rock, Arkansas";"Arizona>Phoenix, Arizona>Dover, Delaware";"Arizona>Phoenix, Arizona>Tallahassee, Florida";"Arizona>Motel>Baton Rouge, Louisiana";"Arizona>John McCain>Annapolis, Maryland";"Arizona>Jefferson Davis>Jackson, Mississippi";"Arizona>Jefferson Davis>Raleigh, North Carolina";"Arizona>National Basketball Association>Oklahoma City";"Arizona>American Civil War>Nashville, Tennessee";"Arizona>Meat Puppets>Austin, Texas";"Arizona>Arizona State University>Phoenix, Arizona";"Arizona>Colorado>Sacramento, California";"Arizona>Colorado>Carson City, Nevada";"Arizona>Colorado>Santa Fe, New Mexico";"Arizona>Colorado>Salem, Oregon";"Arizona>Salt Lake City";"Arizona>Colorado>Cheyenne, Wyoming"
"California";"California>Michigan>Springfield, Illinois";"California>American English>Indianapolis";"California>Ronald Reagan>Des Moines, Iowa";"California>Michigan>Topeka, Kansas";"California>American English>Lansing, Michigan";"California>Michigan>Saint Paul, Minnesota";"California>Michigan>Jefferson City, Missouri";"California>Sacramento, California>Harrisburg, Pennsylvania";"California>Sacramento, California>Providence, Rhode Island";"California>Sacramento, California>Montpelier, Vermont";"California>Sacramento, California>Montgomery, Alabama";"California>Sacramento, California>Little Rock, Arkansas";"California>Sacramento, California>Dover, Delaware";"California>Sacramento, California>Tallahassee, Florida";"California>Ronald Reagan>Baton Rouge, Louisiana";"California>Sacramento, California>Annapolis, Maryland";"California>Sacramento, California>Jackson, Mississippi";"California>National Hockey League>Raleigh, North Carolina";"California>Los Angeles Dodgers>Oklahoma City";"California>American Civil War>Nashville, Tennessee";"California>Immigration to the United States>Austin, Texas";"California>Colorado>Phoenix, Arizona";"California>Berkeley, California>Sacramento, California";"California>Colorado>Carson City, Nevada";"California>Colorado>Santa Fe, New Mexico";"California>Colorado>Salem, Oregon";"California>Colorado>Salt Lake City";"California>Colorado>Cheyenne, Wyoming"
"Nevada";"Nevada>Abraham Lincoln>Springfield, Illinois";"Nevada>Carson City, Nevada>Indianapolis";"Nevada>Carson City, Nevada>Des Moines, Iowa";"Nevada>Carson City, Nevada>Topeka, Kansas";"Nevada>Carson City, Nevada>Lansing, Michigan";"Nevada>Carson City, Nevada>Saint Paul, Minnesota";"Nevada>Carson City, Nevada>Jefferson City, Missouri";"Nevada>Carson City, Nevada>Harrisburg, Pennsylvania";"Nevada>Carson City, Nevada>Providence, Rhode Island";"Nevada>Carson City, Nevada>Montpelier, Vermont";"Nevada>African Americans>Montgomery, Alabama";"Nevada>Bill Clinton>Little Rock, Arkansas";"Nevada>Carson City, Nevada>Dover, Delaware";"Nevada>Carson City, Nevada>Tallahassee, Florida";"Nevada>African Americans>Baton Rouge, Louisiana";"Nevada>Carson City, Nevada>Annapolis, Maryland";"Nevada>African Americans>Jackson, Mississippi";"Nevada>African Americans>Raleigh, North Carolina";"Nevada>Carson City, Nevada>Oklahoma City";"Nevada>American Civil War>Nashville, Tennessee";"Nevada>Apple Inc.>Austin, Texas";"Nevada>Bill Clinton>Phoenix, Arizona";"Nevada>California>Sacramento, California";"Nevada>California>Carson City, Nevada";"Nevada>California>Santa Fe, New Mexico";"Nevada>California>Salem, Oregon";"Nevada>California>Salt Lake City";"Nevada>California>Cheyenne, Wyoming"
"New Mexico";"New Mexico>Denver>Springfield, Illinois";"New Mexico>American English>Indianapolis";"New Mexico>Denver>Des Moines, Iowa";"New Mexico>Denver>Topeka, Kansas";"New Mexico>American English>Lansing, Michigan";"New Mexico>Denver>Saint Paul, Minnesota";"New Mexico>Denver>Jefferson City, Missouri";"New Mexico>Denver>Harrisburg, Pennsylvania";"New Mexico>Denver>Providence, Rhode Island";"New Mexico>Denver>Montpelier, Vermont";"New Mexico>African Americans>Montgomery, Alabama";"New Mexico>Denver>Little Rock, Arkansas";"New Mexico>Denver>Dover, Delaware";"New Mexico>Denver>Tallahassee, Florida";"New Mexico>African Americans>Baton Rouge, Louisiana";"New Mexico>Denver>Annapolis, Maryland";"New Mexico>African Americans>Jackson, Mississippi";"New Mexico>African Americans>Raleigh, North Carolina";"New Mexico>Denver>Oklahoma City";"New Mexico>Confederate States of America>Nashville, Tennessee";"New Mexico>Denver>Austin, Texas";"New Mexico>Colorado>Phoenix, Arizona";"New Mexico>Colorado>Sacramento, California";"New Mexico>Colorado>Carson City, Nevada";"New Mexico>Colorado>Santa Fe, New Mexico";"New Mexico>Colorado>Salem, Oregon";"New Mexico>Colorado>Salt Lake City";"New Mexico>Colorado>Cheyenne, Wyoming"
"Oregon";"Oregon>Kansas>Springfield, Illinois";"Oregon>Kansas>Indianapolis";"Oregon>Kansas>Des Moines, Iowa";"Oregon>Kansas>Topeka, Kansas";"Oregon>Kansas>Lansing, Michigan";"Oregon>Kansas>Saint Paul, Minnesota";"Oregon>Kansas>Jefferson City, Missouri";"Oregon>Maine>Harrisburg, Pennsylvania";"Oregon>Maine>Providence, Rhode Island";"Oregon>Maine>Montpelier, Vermont";"Oregon>African Americans>Montgomery, Alabama";"Oregon>Nashville, Tennessee>Little Rock, Arkansas";"Oregon>Maine>Dover, Delaware";"Oregon>Nashville, Tennessee>Tallahassee, Florida";"Oregon>African Americans>Baton Rouge, Louisiana";"Oregon>Maine>Annapolis, Maryland";"Oregon>African Americans>Jackson, Mississippi";"Oregon>African Americans>Raleigh, North Carolina";"Oregon>John Jacob Astor>Oklahoma City";"Oregon>American Civil War>Nashville, Tennessee";"Oregon>John Jacob Astor>Austin, Texas";"Oregon>California>Phoenix, Arizona";"Oregon>California>Sacramento, California";"Oregon>California>Carson City, Nevada";"Oregon>California>Santa Fe, New Mexico";"Oregon>Astoria, Oregon>Salem, Oregon";"Oregon>California>Salt Lake City";"Oregon>California>Cheyenne, Wyoming"
"Utah";"Utah>Abraham Lincoln>Springfield, Illinois";"Utah>Illinois>Indianapolis";"Utah>Illinois>Des Moines, Iowa";"Utah>Illinois>Topeka, Kansas";"Utah>Illinois>Lansing, Michigan";"Utah>Illinois>Saint Paul, Minnesota";"Utah>Illinois>Jefferson City, Missouri";"Utah>Vermont>Harrisburg, Pennsylvania";"Utah>Vermont>Providence, Rhode Island";"Utah>Vermont>Montpelier, Vermont";"Utah>Alabama>Montgomery, Alabama";"Utah>Alabama>Little Rock, Arkansas";"Utah>Vermont>Dover, Delaware";"Utah>Alabama>Tallahassee, Florida";"Utah>Alabama>Baton Rouge, Louisiana";"Utah>Second Amendment to the United States Constitution>Annapolis, Maryland";"Utah>Alabama>Jackson, Mississippi";"Utah>Alabama>Raleigh, North Carolina";"Utah>Alabama>Oklahoma City";"Utah>Alabama>Nashville, Tennessee";"Utah>Alabama>Austin, Texas";"Utah>Colorado>Phoenix, Arizona";"Utah>Colorado>Sacramento, California";"Utah>Colorado>Carson City, Nevada";"Utah>Alabama>Santa Fe, New Mexico";"Utah>Colorado>Salem, Oregon";"Utah>Salt Lake City";"Utah>Colorado>Cheyenne, Wyoming"
"Wyoming";"Wyoming>Denver>Springfield, Illinois";"Wyoming>Denver>Indianapolis";"Wyoming>Continental climate>Des Moines, Iowa";"Wyoming>Denver>Topeka, Kansas";"Wyoming>Denver>Lansing, Michigan";"Wyoming>Denver>Saint Paul, Minnesota";"Wyoming>Denver>Jefferson City, Missouri";"Wyoming>Denver>Harrisburg, Pennsylvania";"Wyoming>Denver>Providence, Rhode Island";"Wyoming>Denver>Montpelier, Vermont";"Wyoming>African Americans>Montgomery, Alabama";"Wyoming>Denver>Little Rock, Arkansas";"Wyoming>Denver>Dover, Delaware";"Wyoming>Denver>Tallahassee, Florida";"Wyoming>African Americans>Baton Rouge, Louisiana";"Wyoming>Denver>Annapolis, Maryland";"Wyoming>African Americans>Jackson, Mississippi";"Wyoming>African Americans>Raleigh, North Carolina";"Wyoming>Denver>Oklahoma City";"Wyoming>Denver>Nashville, Tennessee";"Wyoming>Denver>Austin, Texas";"Wyoming>Colorado>Phoenix, Arizona";"Wyoming>Colorado>Sacramento, California";"Wyoming>Colorado>Carson City, Nevada";"Wyoming>Colorado>Santa Fe, New Mexico";"Wyoming>Astoria, Oregon>Salem, Oregon";"Wyoming>Colorado>Salt Lake City";"Wyoming>Colorado>Cheyenne, Wyoming"
